;;;classroom-studentcomputer;;1;;;;;
b007;b007pc03;hpz2_g9;D0:AD:08:0E:23:f4;10.20.18.63;;;;classroom-studentcomputer;;1;;;;;
b007;b007pc04;hpz2_g9;D0:AD:08:0E:92:7A;10.20.18.64;;;;classroom-studentcomputer;;1;;;;;
b007;b007pc05;hpz2_g9;D0:AD:08:0E:B2:0D;10.20.18.65;;;;classroom-studentcomputer;;1;;;;;
b007;b007pc06;hpz2_g9;D0:AD:08:0E:B3:AD;10.20.18.66;;;;classroom-studentcomputer;;1;;;;;
b007;b007pc08;hpz2_g9;D0:AD:08:06:95:5e;10.20.18.68;;;;classroom-studentcomputer;;1;;;;;
b007;b007pc07;hpz2_g9;D0:AD:08:0E:74:C7;10.20.18.67;;;;classroom-studentcomputer;;1;;;;;
b007;b007pc09;hpz2_g9;D0:AD:08:0E:51:9A;10.20.18.69;;;;classroom-studentcomputer;;1;;;;;
b007;b007pc10;hpz2_g9;D0:AD:08:0E:A2:F6;10.20.18.70;;;;classroom-studentcomputer;;1;;;;;
b007;b007pc11;hpz2_g9;D0:AD:08:0E:23:22;10.20.18.71;;;;classroom-studentcomputer;;1;;;;;
b007;b007pc12;hpz2_g9;D0:AD:08:0E:71:67;10.20.18.72;;;;classroom-studentcomputer;;1;;;;;
b007;b007pc13;hpz2_g9;D0:AD:08:0E:43:DA;10.20.18.73;;;;classroom-studentcomputer;;1;;;;;
b007;b007pc14;hpz2_g9;D0:AD:08:0E:A1:2E;10.20.18.74;;;;classroom-studentcomputer;;1;;;;;
b007;b007pc15;hpz2_g9;D0:AD:08:0E:81:D2;10.20.18.75;;;;classroom-studentcomputer;;1;;;;;
b007;b007pc16;hpz2_g9;D0:AD:08:0D:8F:C6;10.20.18.76;;;;classroom-studentcomputer;;1;;;;;
b007;b007pc17;hpz2_g9;D0:AD:08:0E:A1:B4;10.20.18.77;;;;classroom-studentcomputer;;1;;;;;
b007;b007pc18;hpz2_g9;D0:AD:08:0E:94:CA;10.20.18.78;;;;classroom-studentcomputer;;1;;;;;
b007;b007pc19;hpz2_g9;D0:AD:08:0E:22:CA;10.20.18.79;;;;classroom-studentcomputer;;1;;;;;
b007;b007pc20;hpz2_g9;D0:AD:08:0E:33:53;10.20.18.80;;;;classroom-studentcomputer;;1;;;;;
b007;b007pc21;hpz2_g9;D0:AD:08:0E:22:26;10.20.18.81;;;;classroom-studentcomputer;;1;;;;;
b007;b007pc22;hpz2_g9;D0:AD:08:0E:B1:A6;10.20.18.82;;;;classroom-studentcomputer;;1;;;;;
b007;b007pc23;hpz2_g9;D0:AD:08:0D:4D:45;10.20.18.83;;;;classroom-studentcomputer;;1;;;;;
b007;b007pc24;hpz2_g9;D0:AD:08:0D:BE:73;10.20.18.84;;;;classroom-studentcomputer;;1;;;;;
b007;b007pc25;hpz2_g9;D0:AD:08:0E:E1:D6;10.20.18.85;;;;classroom-studentcomputer;;1;;;;;
e115;e115pc01;hpe_600;BC:0F:F3:C5:60:CB;10.20.20.39;;;;classroom-studentcomputer;;1;;;;;
e118;e118pc01;hpe_600;BC:0F:F3:C5:62:67;10.20.20.16;;;;classroom-studentcomputer;;1;;;;;
e119;e119pc01;hpe_600;BC:0F:F3:C5:65:07;10.20.19.249;;;;classroom-studentcomputer;;1;;;;;
d116;d116pc01;hpe_600;BC:0F:F3:C5:64:E4;10.20.21.52;;;;classroom-studentcomputer;;1;;;;;
b110;b110pc02;hpe_600_zahn;BC:0F:F3:C5:61:56;10.20.20.147;;;;classroom-studentcomputer;;1;;;;;
d102;d102pc01;hpe_600;BC:0F:F3:C5:62:1D;10.20.19.227;;;;classroom-studentcomputer;;1;;;;;
d103;d103pc01;hpe_600;BC:0F:F3:C5:61:E3;10.20.19.187;;;;classroom-studentcomputer;;1;;;;;
c110;c110pc01;hpe_600;BC:0F:F3:C5:62:5C;10.20.21.28;;;;classroom-studentcomputer;;1;;;;;
d107;d107pc01;hpe_600;BC:0F:F3:C5:64:79;10.20.21.30;;;;classroom-studentcomputer;;1;;;;;
d202;d202pc01;hpe_600;BC:0F:F3:C5:62:36;10.20.22.64;;;;classroom-teachercomputer;;1;;;;;
d203;d203pc01;hpe_600;BC:0F:F3:C5:64:D7;10.20.22.63;;;;classroom-teachercomputer;;1;;;;;
d204;d204pc01;hpe_600;BC:0F:F3:C5:61:D0;10.20.22.41;;;;classroom-teachercomputer;;1;;;;;
d206;d206pc01;hpe_600;BC:0F:F3:C5:62:72;10.20.22.219;;;;classroom-teachercomputer;;1;;;;;
c213;c213pc01;hpe_600;BC:0F:F3:C5:61:40;10.20.22.40;;;;classroom-teachercomputer;;1;;;;;
c219;c219pc01;hpe_600;BC:0F:F3:C5:63:BB;10.20.22.38;;;;classroom-teachercomputer;;1;;;;;
c220;c220pc01;hpe_600;BC:0F:F3:C5:63:2F;10.20.22.16;;;;classroom-teachercomputer;;1;;;;;
c221;c221pc01;hpe_600;BC:0F:F3:C5:62:4C;10.20.22.15;;;;classroom-teachercomputer;;1;;;;;
b212;b212pc01;hpe_600;BC:0F:F3:C5:65:16;10.20.22.14;;;;classroom-teachercomputer;;1;;;;;
b213;b213pc01;hpe_600;BC:0F:F3:C5:61:B7;10.20.22.12;;;;classroom-teachercomputer;;1;;;;;
b216;b216pc01;hpe_600;BC:0F:F3:C5:65:0F;10.20.22.11;;;;classroom-teachercomputer;;1;;;;;
b219;b219pc01;hpe_600;BC:0F:F3:C5:61:B2;10.20.22.8;;;;classroom-teachercomputer;;1;;;;;
b220;b220pc01;hpe_600;BC:0F:F3:C5:64:3B;10.20.21.243;;;;classroom-teachercomputer;;1;;;;;
b221;b221pc01;hpe_600;BC:0F:F3:C5:63:0F;10.20.21.221;;;;classroom-teachercomputer;;1;;;;;
c106;c106pc01;hpz2_medien;D0:AD:08:0E:A1:91;10.20.21.11;;;;classroom-studentcomputer;;1;;;;;
c106;c106pc02;hpz2_medien;D0:AD:08:0E:45:4B;10.20.21.12;;;;classroom-studentcomputer;;1;;;;;
c106;c106pc03;hpz2_medien;D0:AD:08:0E:F4:69;10.20.21.13;;;;classroom-studentcomputer;;1;;;;;
c106;c106pc04;hpz2_medien;D0:AD:08:0E:E2:50;10.20.21.14;;;;classroom-studentcomputer;;1;;;;;
c106;c106pc05;hpz2_medien;D0:AD:08:0E:E1:BE;10.20.21.20;;;;classroom-studentcomputer;;1;;;;;
b019;b019pc01;hpz2_g9;D0:AD:08:0E:A1:01;10.20.17.2;;;;classroom-teachercomputer;;1;;;;;
d116;d116lt01;e16_maler_flacker;fc:5c:ee:00:20:58;10.20.21.32;;;;classroom-studentcomputer;;1;;;;;
d116;d116lt02;e16_maler_flacker;fc:5c:ee:00:1c:e8;10.20.21.33;;;;classroom-studentcomputer;;1;;;;;
d116;d116lt03;e16_maler_flacker;fc:5c:ee:00:1f:c2;10.20.21.34;;;;classroom-studentcomputer;;1;;;;;
d116;d116lt04;e16_maler_flacker;fc:5c:ee:00:1f:66;10.20.21.35;;;;classroom-studentcomputer;;1;;;;;
d116;d116lt05;e16_maler_flacker;fc:5c:ee:00:1d:24;10.20.21.36;;;;classroom-studentcomputer;;1;;;;;
b218;b218pc01;hpe_600;BC:0F:F3:C5:64:E6;10.20.22.10;;;;classroom-studentcomputer;;1;;;;;
d116;d116lt06;e16_maler_flacker;74:5d:22:f9:16:c0;10.20.21.37;;;;classroom-studentcomputer;;1;;;;;
d116;d116lt07;e16_maler_flacker;fc:5c:ee:00:1d:9e;10.20.21.38;;;;classroom-studentcomputer;;1;;;;;
d116;d116lt08;e16_maler_flacker;fc:5c:ee:00:1c:e0;10.20.21.39;;;;classroom-studentcomputer;;1;;;;;
d116;d116lt09;e16_maler_flacker;fc:5c:ee:00:20:0c;10.20.21.40;;;;classroom-studentcomputer;;1;;;;;
d116;d116lt10;e16_maler_flacker;fc:5c:ee:00:1e:82;10.20.21.41;;;;classroom-studentcomputer;;1;;;;;
d116;d116lt11;e16_maler_flacker;74:5d:22:f9:13:be;10.20.21.42;;;;classroom-studentcomputer;;1;;;;;
d116;d116lt13;e16_maler_flacker;fc:5c:ee:00:1e:60;10.20.21.44;;;;classroom-studentcomputer;;1;;;;;
d116;d116lt14;e16_maler_flacker;fc:5c:ee:00:1d:0e;10.20.21.45;;;;classroom-studentcomputer;;1;;;;;
d116;d116lt15;e16_maler_flacker;fc:5c:ee:00:1d:7e;10.20.21.46;;;;classroom-studentcomputer;;1;;;;;
d116;d116lt16;e16_maler_flacker;fc:5c:ee:00:1d:3e;10.20.21.47;;;;classroom-studentcomputer;;1;;;;;
d116;d116lt17;e16_maler_flacker;fc:5c:ee:00:1d:10;10.20.21.48;;;;classroom-studentcomputer;;1;;;;;
d116;d116lt18;e16_maler_flacker;fc:5c:ee:00:1f:26;10.20.21.49;;;;classroom-studentcomputer;;1;;;;;
d116;d116lt19;e16_maler_flacker;fc:5c:ee:00:1d:b0;10.20.21.50;;;;classroom-studentcomputer;;1;;;;;
d116;d116lt20;e16_maler_flacker;74:5d:22:f9:17:02;10.20.21.51;;;;classroom-studentcomputer;;1;;;;;
e119;e119lt01;e16_maler_flacker;fc:5c:ee:00:1f:40;10.20.19.228;;;;classroom-studentcomputer;;1;;;;;
e119;e119lt02;e16_maler_flacker;fc:5c:ee:00:1d:a2;10.20.19.229;;;;classroom-studentcomputer;;1;;;;;
e119;e119lt03;e16_maler_flacker;fc:5c:ee:00:1e:ba;10.20.19.230;;;;classroom-studentcomputer;;1;;;;;
e119;e119lt04;e16_maler_flacker;fc:5c:ee:00:1d:ca;10.20.19.231;;;;classroom-studentcomputer;;1;;;;;
e119;e119lt05;e16_maler_flacker;fc:5c:ee:00:1e:d6;10.20.19.232;;;;classroom-studentcomputer;;1;;;;;
e119;e119lt06;e16_maler_flacker;74:5d:22:f9:16:94;10.20.19.233;;;;classroom-studentcomputer;;1;;;;;
e119;e119lt07;e16_maler_flacker;fc:5c:ee:00:1f:58;10.20.19.234;;;;classroom-studentcomputer;;1;;;;;
e119;e119lt08;e16_maler_flacker;fc:5c:ee:00:1f:68;10.20.19.235;;;;classroom-studentcomputer;;1;;;;;
e119;e119lt09;e16_maler_flacker;fc:5c:ee:00:20:62;10.20.19.236;;;;classroom-studentcomputer;;1;;;;;
e119;e119lt10;e16_maler_flacker;fc:5c:ee:00:1e:d2;10.20.19.237;;;;classroom-studentcomputer;;1;;;;;
e119;e119lt11;e16_maler_flacker;74:5d:22:f9:15:3e;10.20.19.238;;;;classroom-studentcomputer;;1;;;;;
e119;e119lt12;e16_maler_flacker;fc:5c:ee:00:1d:dc;10.20.19.239;;;;classroom-studentcomputer;;1;;;;;
e119;e119lt13;e16_maler_flacker;fc:5c:ee:00:1d:96;10.20.19.240;;;;classroom-studentcomputer;;1;;;;;
e119;e119lt14;e16_maler_flacker;74:5d:22:f9:55:14;10.20.19.241;;;;classroom-studentcomputer;;1;;;;;
e119;e119lt15;e16_maler_flacker;fc:5c:ee:00:1f:da;10.20.19.242;;;;classroom-studentcomputer;;1;;;;;
e119;e119lt16;e16_maler_flacker;fc:5c:ee:00:1d:26;10.20.19.243;;;;classroom-studentcomputer;;1;;;;;
e119;e119lt17;e16_maler_flacker;fc:5c:ee:00:1c:ec;10.20.19.244;;;;classroom-studentcomputer;;1;;;;;
e119;e119lt18;e16_maler_flacker;fc:5c:ee:00:1d:86;10.20.19.245;;;;classroom-studentcomputer;;1;;;;;
e119;e119lt19;e16_maler_flacker;74:5d:22:f9:13:24;10.20.19.246;;;;classroom-studentcomputer;;1;;;;;
e119;e119lt20;e16_maler_flacker;fc:5c:ee:00:1e:ec;10.20.19.247;;;;classroom-studentcomputer;;1;;;;;
b206;b206lt01wlan;e16;d0:39:57:99:c6:d9;10.20.22.199;;;;iponly;;0;;;;;
b206;b206lt02wlan;e16;d0:39:57:99:d0:7d;10.20.22.200;;;;iponly;;0;;;;;
b206;b206lt03wlan;e16;d0:39:57:99:d0:6d;10.20.22.201;;;;iponly;;0;;;;;
b206;b206lt04wlan;e16;d0:39:57:99:bf:cb;10.20.22.202;;;;iponly;;0;;;;;
b206;b206lt05wlan;e16;d0:39:57:99:cd:5f;10.20.22.203;;;;iponly;;0;;;;;
b206;b206lt06wlan;e16;d0:39:57:99:c6:d7;10.20.22.204;;;;iponly;;0;;;;;
b206;b206lt07wlan;e16;d0:39:57:99:c7:3f;10.20.22.205;;;;iponly;;0;;;;;
b206;b206lt08wlan;e16;d0:39:57:99:c0:7b;10.20.22.206;;;;iponly;;0;;;;;
b206;b206lt09wlan;e16;d0:39:57:99:d0:d3;10.20.22.207;;;;iponly;;0;;;;;
b206;b206lt10wlan;e16;d0:39:57:99:c2:97;10.20.22.208;;;;iponly;;0;;;;;
b206;b206lt11wlan;e16;e4:60:17:49:ae:bc;10.20.22.209;;;;iponly;;0;;;;;
b206;b206lt12wlan;e16;d0:39:57:99:cd:71;10.20.22.210;;;;iponly;;0;;;;;
b206;b206lt13wlan;e16;d0:39:57:99:c0:3d;10.20.22.211;;;;iponly;;0;;;;;
b206;b206lt14wlan;e16;d0:39:57:99:c2:9f;10.20.22.212;;;;iponly;;0;;;;;
b206;b206lt15wlan;e16;d0:39:57:99:cb:19;10.20.22.213;;;;iponly;;0;;;;;
b206;b206lt16wlan;e16;d0:39:57:99:d0:03;10.20.22.215;;;;iponly;;0;;;;;
b206;b206lt18wlan;e16;d0:39:57:99:d0:01;10.20.22.217;;;;iponly;;0;;;;;
b206;b206lt19wlan;e16;d0:39:57:99:d0:89;10.20.22.218;;;;iponly;;0;;;;;
b206;b206lt20wlan;e16;d0:39:57:99:d3:81;10.20.22.216;;;;iponly;;0;;;;;
b220;b220lt01wlan;e16;d0:39:57:99:c0:2f;10.20.21.245;;;;iponly;;0;;;;;
b220;b220lt02wlan;e16;d0:39:57:99:c0:8d;10.20.21.246;;;;iponly;;0;;;;;
b220;b220lt03wlan;e16;d0:39:57:99:d0:7b;10.20.21.247;;;;iponly;;0;;;;;
b220;b220lt04wlan;e16;d0:39:57:99:d0:0d;10.20.21.248;;;;iponly;;0;;;;;
b220;b220lt05wlan;e16;d0:39:57:99:c0:4d;10.20.21.249;;;;iponly;;0;;;;;
b220;b220lt06wlan;e16;d0:39:57:99:c5:e1;10.20.21.250;;;;iponly;;0;;;;;
b220;b220lt07wlan;e16;e4:60:17:49:ae:b7;10.20.22.7;;;;iponly;;0;;;;;
b220;b220lt08wlan;e16;d0:39:57:99:c2:91;10.20.21.251;;;;iponly;;0;;;;;
b220;b220lt09wlan;e16;d0:39:57:99:cd:89;10.20.21.252;;;;iponly;;0;;;;;
b220;b220lt10wlan;e16;d0:39:57:99:c5:eb;10.20.21.253;;;;iponly;;0;;;;;
b220;b220lt11wlan;e16;d0:39:57:99:d3:83;10.20.21.254;;;;iponly;;0;;;;;
b220;b220lt12wlan;e16;d0:39:57:99:c2:a7;10.20.22.1;;;;iponly;;0;;;;;
b220;b220lt13wlan;e16;e4:60:17:49:a5:4d;10.20.22.2;;;;iponly;;0;;;;;
b220;b220lt15wlan;e16;d0:39:57:99:d0:85;10.20.22.4;;;;iponly;;0;;;;;
b220;b220lt16wlan;e16;d0:39:57:99:c2:93;10.20.18.210;;;;iponly;;0;;;;;
d002;d002lt04wlan;e16;d0:39:57:99:c5:ef;10.20.17.179;;;;iponly;;0;;;;;
d103;d103lt08wlan;e16;d0:39:57:99:d0:91;10.20.17.180;;;;iponly;;0;;;;;
d002;d002lt20wlan;e16;d0:39:57:99:c2:a9;10.20.17.185;;;;iponly;;0;;;;;
d103;d103lt02wlan;e16;d0:39:57:99:cd:55;10.20.19.208;;;;iponly;;0;;;;;
d103;d103lt03wlan;e16;d0:39:57:99:c0:0f;10.20.19.209;;;;iponly;;0;;;;;
d103;d103lt06wlan;e16;d0:39:57:99:bf:e9;10.20.19.211;;;;iponly;;0;;;;;
d103;d103lt09wlan;e16;d0:39:57:99:c5:ad;10.20.18.212;;;;iponly;;0;;;;;
d103;d103lt10wlan;e16;e4:60:17:4c:45:1e;10.20.19.219;;;;iponly;;0;;;;;
d103;d103lt11wlan;e16;d0:39:57:99:c2:8d;10.20.19.220;;;;iponly;;0;;;;;
d103;d103lt12wlan;e16;d0:39:57:99:c6:11;10.20.19.213;;;;iponly;;0;;;;;
d103;d103lt13wlan;e16;d0:39:57:99:c0:75;10.20.19.221;;;;iponly;;0;;;;;
d103;d103lt14wlan;e16;e4:60:17:4c:38:0d;10.20.19.214;;;;iponly;;0;;;;;
d103;d103lt15wlan;e16;d0:39:57:99:cd:53;10.20.19.215;;;;iponly;;0;;;;;
d103;d103lt18wlan;e16;d0:39:57:99:c5:7f;10.20.19.223;;;;iponly;;0;;;;;
d116;d116lt01wlan;e16_maler_flacker;e4:60:17:4c:37:54;10.20.16.26;;;;iponly;;0;;;;;
d116;d116lt02wlan;e16_maler_flacker;d0:39:57:99:cb:0f;10.20.18.227;;;;iponly;;0;;;;;
d116;d116lt03wlan;e16_maler_flacker;d0:39:57:99:d0:9d;10.20.21.53;;;;iponly;;0;;;;;
d116;d116lt04wlan;e16_maler_flacker;e4:60:17:49:ae:85;10.20.18.229;;;;iponly;;0;;;;;
d116;d116lt05wlan;e16_maler_flacker;d0:39:57:99:c0:0b;10.20.18.228;;;;iponly;;0;;;;;
d116;d116lt06wlan;e16_maler_flacker;d0:39:57:99:cd:5b;10.20.18.230;;;;iponly;;0;;;;;
d116;d116lt07wlan;e16_maler_flacker;d0:39:57:99:c0:41;10.20.21.54;;;;iponly;;0;;;;;
d116;d116lt08wlan;e16_maler_flacker;e4:60:17:49:ae:80;10.20.16.20;;;;iponly;;0;;;;;
d116;d116lt09wlan;e16_maler_flacker;d0:39:57:99:cd:7d;10.20.21.55;;;;iponly;;0;;;;;
d116;d116lt10wlan;e16_maler_flacker;d0:39:57:99:d0:c9;10.20.21.56;;;;iponly;;0;;;;;
d116;d116lt11wlan;e16_maler_flacker;d0:39:57:99:cd:8f;10.20.16.25;;;;iponly;;0;;;;;
d116;d116lt13wlan;e16_maler_flacker;e4:60:17:4c:37:4a;10.20.21.57;;;;iponly;;0;;;;;
d116;d116lt14wlan;e16_maler_flacker;e4:60:17:4c:44:b5;10.20.21.58;;;;iponly;;0;;;;;
d116;d116lt15wlan;e16_maler_flacker;d0:39:57:99:d0:75;10.20.21.61;;;;iponly;;0;;;;;
d116;d116lt16wlan;e16_maler_flacker;d0:39:57:99:bf:e7;10.20.21.59;;;;iponly;;0;;;;;
d116;d116lt17wlan;e16_maler_flacker;d0:39:57:99:c5:d7;10.20.16.27;;;;iponly;;0;;;;;
d116;d116lt18wlan;e16_maler_flacker;d0:39:57:99:bb:11;10.20.21.60;;;;iponly;;0;;;;;
d116;d116lt19wlan;e16_maler_flacker;e4:60:17:4c:43:a7;10.20.18.226;;;;iponly;;0;;;;;
d116;d116lt20wlan;e16_maler_flacker;d0:39:57:99:c2:9b;10.20.18.214;;;;iponly;;0;;;;;
b103;b103lt02wlan;e16;d0:39:57:99:d0:d5;10.20.19.225;;;;iponly;;0;;;;;
b103;b103lt03wlan;e16;e4:60:17:4c:44:e7;10.20.18.213;;;;iponly;;0;;;;;
b103;b103lt04wlan;e16;d0:39:57:99:d0:6b;10.20.19.216;;;;iponly;;0;;;;;
b103;b103lt05wlan;e16;d0:39:57:99:c0:1f;10.20.20.163;;;;iponly;;0;;;;;
b103;b103lt10wlan;e16;d0:39:57:99:c6:e5;10.20.20.119;;;;iponly;;0;;;;;
e119;e119lt01wlan;e16;e4:60:17:49:a5:5c;10.20.19.251;;;;iponly;;0;;;;;
e119;e119lt02wlan;e16;e4:60:17:4c:37:68;10.20.20.5;;;;iponly;;0;;;;;
e119;e119lt03wlan;e16;d0:39:57:99:c5:c5;10.20.19.252;;;;iponly;;0;;;;;
e119;e119lt04wlan;e16;d0:39:57:99:c0:15;10.20.20.6;;;;iponly;;0;;;;;
e119;e119lt05wlan;e16;d0:39:57:99:cb:15;10.20.19.253;;;;iponly;;0;;;;;
e119;e119lt06wlan;e16;d0:39:57:99:d0:05;10.20.20.7;;;;iponly;;0;;;;;
e119;e119lt07wlan;e16;d0:39:57:99:c5:d1;10.20.19.254;;;;iponly;;0;;;;;
e119;e119lt08wlan;e16;d0:39:57:99:c5:95;10.20.20.13;;;;iponly;;0;;;;;
e119;e119lt10wlan;e16;d0:39:57:99:bf:d1;10.20.20.9;;;;iponly;;0;;;;;
e119;e119lt11wlan;e16;d0:39:57:99:d0:0f;10.20.20.10;;;;iponly;;0;;;;;
e119;e119lt12wlan;e16;d0:39:57:99:bf:d9;10.20.20.14;;;;iponly;;0;;;;;
e119;e119lt13wlan;e16;d0:39:57:99:c0:37;10.20.20.1;;;;iponly;;0;;;;;
e119;e119lt14wlan;e16;d0:39:57:99:d0:79;10.20.20.15;;;;iponly;;0;;;;;
e208;e208lt01wlan;e16;d0:39:57:99:d0:a1;10.20.23.57;;;;iponly;;0;;;;;
e208;e208lt02wlan;e16;d0:39:57:99:c0:39;10.20.23.59;;;;iponly;;0;;;;;
e208;e208lt03wlan;e16;d0:39:57:99:c6:cd;10.20.23.60;;;;iponly;;0;;;;;
e208;e208lt04wlan;e16;d0:39:57:99:c5:9f;10.20.23.253;;;;iponly;;0;;;;;
e208;e208lt05wlan;e16;d0:39:57:99:c0:29;10.20.23.61;;;;iponly;;0;;;;;
e208;e208lt06wlan;e16;d0:39:57:99:c5:bf;10.20.23.62;;;;iponly;;0;;;;;
e208;e208lt07wlan;e16;d0:39:57:99:d0:c5;10.20.23.63;;;;iponly;;0;;;;;
e208;e208lt10wlan;e16;d0:39:57:99:d0:67;10.20.23.64;;;;iponly;;0;;;;;
e208;e208lt11wlan;e16;d0:39:57:99:c5:7b;10.20.23.65;;;;iponly;;0;;;;;
e208;e208lt12wlan;e16;d0:39:57:99:c0:6f;10.20.23.66;;;;iponly;;0;;;;;
e208;e208lt13wlan;e16;d0:39:57:99:d0:97;10.20.23.67;;;;iponly;;0;;;;;
e208;e208lt14wlan;e16;e4:60:17:4c:37:81;10.20.23.68;;;;iponly;;0;;;;;
e208;e208lt15wlan;e16;d0:39:57:99:d0:d7;10.20.16.61;;;;iponly;;0;;;;;
e208;e208lt17wlan;e16;d0:39:57:99:c7:45;10.20.23.69;;;;iponly;;0;;;;;
e208;e208lt18wlan;e16;d0:39:57:99:c5:2d;10.20.20.121;;;;iponly;;0;;;;;
e208;e208lt19wlan;e16;d0:39:57:99:cb:17;10.20.20.122;;;;iponly;;0;;;;;
e218;e218lt01wlan;e16;d0:39:57:99:c0:77;10.20.23.11;;;;iponly;;0;;;;;
e218;e218lt02wlan;e16;d0:39:57:99:ba:f1;10.20.23.12;;;;iponly;;0;;;;;
e218;e218lt03wlan;e16;d0:39:57:99:c0:81;10.20.23.13;;;;iponly;;0;;;;;
e218;e218lt04wlan;e16;d0:39:57:99:cd:61;10.20.23.14;;;;iponly;;0;;;;;
e218;e218lt05wlan;e16;e4:60:17:48:a8:46;10.20.23.15;;;;iponly;;0;;;;;
e218;e218lt06wlan;e16;d0:39:57:99:cb:c7;10.20.23.16;;;;iponly;;0;;;;;
e218;e218lt07wlan;e16;e4:60:17:4c:38:49;10.20.23.17;;;;iponly;;0;;;;;
e218;e218lt08wlan;e16;a0:59:50:5e:20:f4;10.20.23.18;;;;iponly;;0;;;;;
e218;e218lt09wlan;e16;d0:39:57:99:c0:49;10.20.23.19;;;;iponly;;0;;;;;
e218;e218lt10wlan;e16;e4:60:17:49:ae:62;10.20.23.20;;;;iponly;;0;;;;;
e218;e218lt11wlan;e16;d0:39:57:99:c5:6f;10.20.23.21;;;;iponly;;0;;;;;
e218;e218lt12wlan;e16;d0:39:57:99:d0:0b;10.20.23.22;;;;iponly;;0;;;;;
e218;e218lt13wlan;e16;d0:39:57:99:c5:99;10.20.23.31;;;;iponly;;0;;;;;
e218;e218lt14wlan;e16;d0:39:57:99:d0:95;10.20.23.23;;;;iponly;;0;;;;;
e218;e218lt15wlan;e16;d0:39:57:99:c5:7d;10.20.23.24;;;;iponly;;0;;;;;
e218;e218lt16wlan;e16;d0:39:57:99:c0:6d;10.20.23.25;;;;iponly;;0;;;;;
e218;e218lt17wlan;e16;e4:60:17:48:a8:55;10.20.23.26;;;;iponly;;0;;;;;
e218;e218lt18wlan;e16;d0:39:57:99:c7:49;10.20.23.27;;;;iponly;;0;;;;;
e218;e218lt19wlan;e16;d0:39:57:99:c7:41;10.20.23.28;;;;iponly;;0;;;;;
e218;e218lt20wlan;e16;d0:39:57:99:d0:11;10.20.23.29;;;;iponly;;0;;;;;
b220;b220lt17wlan;e16;d0:39:57:99:c0:2b;10.20.17.234;;;;iponly;;0;;;;;
b220;b220lt19wlan;e16;d0:39:57:99:bf:c5;10.20.20.135;;;;iponly;;0;;;;;
e009;e009lt16wlan;e16;d0:39:57:99:bf:c9;10.20.18.164;;;;iponly;;0;;;;;
e009;e009lt19wlan;e16;d0:39:57:99:c5:cf;10.20.18.172;;;;iponly;;0;;;;;
e009;e009lt17wlan;e16;e4:60:17:49:ae:7b;10.20.18.165;;;;iponly;;0;;;;;
e009;e009lt18wlan;e16;e4:60:17:4c:37:45;10.20.18.166;;;;iponly;;0;;;;;
e009;e009lt20wlan;e16;e4:60:17:4c:44:ce;10.20.18.167;;;;iponly;;0;;;;;
e020;e020lt18wlan;e16;d0:39:57:99:cb:c5;10.20.17.218;;;;iponly;;0;;;;;
e020;e020lt17wlan;e16;d0:39:57:99:d0:cb;10.20.17.219;;;;iponly;;0;;;;;
e020;e020lt19wlan;e16;d0:39:57:99:cd:87;10.20.18.208;;;;iponly;;0;;;;;
e020;e020lt16wlan;e16;e4:60:17:4c:44:c9;10.20.17.220;;;;iponly;;0;;;;;
e020;e020lt20wlan;e16;e4:60:17:4c:37:40;10.20.17.221;;;;iponly;;0;;;;;
b103;b103lt16wlan;e16;d0:39:57:99:cd:63;10.20.17.222;;;;iponly;;0;;;;;
e009;e009lt14wlan;e16;d0:39:57:99:d0:d1;10.20.17.223;;;;iponly;;0;;;;;
e009;e009lt12wlan;e16;d0:39:57:99:c0:51;10.20.17.224;;;;iponly;;0;;;;;
b103;b103lt14wlan;e16;e4:60:17:4c:43:6b;10.20.17.225;;;;iponly;;0;;;;;
b103;b103lt15wlan;e16;d0:39:57:99:d0:9b;10.20.17.226;;;;iponly;;0;;;;;
b103;b103lt13wlan;e16;d0:39:57:99:c5:71;10.20.17.227;;;;iponly;;0;;;;;
b103;b103lt07wlan;e16;d0:39:57:99:c5:93;10.20.17.228;;;;iponly;;0;;;;;
b103;b103lt17wlan;e16;d0:39:57:99:c6:c9;10.20.17.229;;;;iponly;;0;;;;;
e009;e009lt13wlan;e16;d0:39:57:99:cb:11;10.20.17.231;;;;iponly;;0;;;;;
e009;e009lt11wlan;e16;d0:39:57:99:cd:67;10.20.17.232;;;;iponly;;0;;;;;
e009;e009lt15wlan;e16;d0:39:57:99:d0:61;10.20.17.233;;;;iponly;;0;;;;;
c116;c116pc01;hpz2_medien;D0:AD:08:0E:23:FF;10.20.19.183;;;;classroom-teachercomputer;;1;;;;;
b113;b113lt01;e16_zahntechnik;74:5D:22:F9:13:08;10.20.16.68;;;;classroom-studentcomputer;;1;;;;;
b113;b113lt03;e16_zahntechnik;FC:5C:ee:00:1d:28;10.20.19.100;;;;classroom-studentcomputer;;1;;;;;
b113;b113lt04;e16_zahntechnik;FC:5C:ee:00:1f:0c;10.20.19.101;;;;classroom-studentcomputer;;1;;;;;
b113;b113lt05;e16_zahntechnik;FC:5C:ee:00:1d:3c;10.20.19.104;;;;classroom-studentcomputer;;1;;;;;
b113;b113lt06;e16_zahntechnik;74:5D:22:F9:13:0e;10.20.19.105;;;;classroom-studentcomputer;;1;;;;;
b113;b113lt07;e16_zahntechnik;74:5D:22:F9:55:1c;10.20.19.106;;;;classroom-studentcomputer;;1;;;;;
b113;b113lt08;e16_zahntechnik;FC:5C:ee:00:1e:46;10.20.19.107;;;;classroom-studentcomputer;;1;;;;;
b113;b113lt09;e16_zahntechnik;FC:5C:ee:00:1d:6c;10.20.19.108;;;;classroom-studentcomputer;;1;;;;;
b113;b113lt10;e16_zahntechnik;FC:5C:ee:00:1f:fc;10.20.19.109;;;;classroom-studentcomputer;;1;;;;;
b113;b113lt11;e16_zahntechnik;FC:5C:ee:00:1f:52;10.20.19.111;;;;classroom-studentcomputer;;1;;;;;
b113;b113lt12;e16_zahntechnik;74:5D:22:F9:15:7E;10.20.19.113;;;;classroom-studentcomputer;;1;;;;;
b113;b113lt13;e16_zahntechnik;fc:5c:ee:00:1e:e0;10.20.19.114;;;;classroom-studentcomputer;;1;;;;;
b113;b113lt14;e16_zahntechnik;FC:5C:ee:00:1f:6c;10.20.19.115;;;;classroom-studentcomputer;;1;;;;;
b113;b113lt16;e16_zahntechnik;FC:5C:ee:00:1d:54;10.20.19.117;;;;classroom-studentcomputer;;1;;;;;
b113;b113lt17;e16_zahntechnik;74:5D:22:F9:15:9C;10.20.19.118;;;;classroom-studentcomputer;;1;;;;;
c018;c018pc01;hpz2_g9;D0:AD:08:0D:AE:19;10.20.17.122;;;;classroom-teachercomputer;;1;;;;;
c019;c019pc01;hpz2_g9;D0:AD:08:0E:E1:CF;10.20.17.74;;;;classroom-teachercomputer;;1;;;;;
c117;c117pc01;hpz2_medien;D0:AD:08:0E:E1:2F;10.20.20.241;;;;classroom-studentcomputer;;1;;;;;
c118;c118pc01;hpz2_medien;D0:AD:08:0E:81:C2;10.20.19.145;;;;classroom-teachercomputer;;1;;;;;
b113;b113lt18;e16_zahntechnik;FC:5C:ee:00:1c:e2;10.20.19.119;;;;classroom-studentcomputer;;1;;;;;
b113;b113lt19;e16_zahntechnik;FC:5C:ee:00:1d:c2;10.20.19.88;;;;classroom-studentcomputer;;1;;;;;
b113;b113lt20;e16_zahntechnik;FC:5C:EE:00:1d:36;10.20.19.89;;;;classroom-studentcomputer;;1;;;;;
b113;b113lt21;e16_zahntechnik;FC:5C:ee:00:1c:e4;10.20.19.90;;;;classroom-studentcomputer;;1;;;;;
b113;b113lt22;e16_zahntechnik;74:5D:22:F9:15:02;10.20.19.91;;;;classroom-studentcomputer;;1;;;;;
b113;b113lt23;e16_zahntechnik;FC:5C:ee:00:1e:5a;10.20.19.92;;;;classroom-studentcomputer;;1;;;;;
b113;b113lt24;e16_zahntechnik;74:5D:22:F9:14:b6;10.20.19.93;;;;classroom-studentcomputer;;1;;;;;
b113;b113lt25;e16_zahntechnik;fc:5c:ee:00:1d:4a;10.20.19.94;;;;classroom-studentcomputer;;1;;;;;
b113;b113lt26;e16_zahntechnik;fc:5c:ee:00:1e:26;10.20.19.95;;;;classroom-studentcomputer;;1;;;;;
b113;b113lt27;e16_zahntechnik;FC:5C:ee:00:1e:2c;10.20.19.96;;;;classroom-studentcomputer;;1;;;;;
b113;b113lt28;e16_zahntechnik;FC:5C:ee:00:1e:0a;10.20.19.97;;;;classroom-studentcomputer;;1;;;;;
b113;b113lt29;e16_zahntechnik;FC:5C:ee:00:1f:c6;10.20.19.98;;;;classroom-studentcomputer;;1;;;;;
b113;b113lt30;e16_zahntechnik;FC:5C:ee:00:1c:ba;10.20.19.99;;;;classroom-studentcomputer;;1;;;;;
e219;e219pc01;hpe_600;BC:0F:F3:C5:61:DF;10.20.22.65;;;;classroom-teachercomputer;;1;;;;;
e201;e201pc01;hpe_600;BC:0F:F3:C5:64:69;10.20.23.32;;;;classroom-teachercomputer;;1;;;;;
c012;c012pc01;hpe_600;BC:0F:F3:C5:62:23;10.20.17.150;;;;classroom-teachercomputer;;1;;;;;
a102;a102pr01;nopxe;d0:ad:08:11:63:36;10.20.68.101;;;;printer;;1;;;;;
a005;a005lt11wlan;e16;d0:39:57:99:c5:cd;10.20.18.198;;;;iponly;;0;;;;;
a005;a005lt12wlan;e16;d0:39:57:99:ba:e5;10.20.18.239;;;;iponly;;0;;;;;
a005;a005lt13wlan;e16;d0:39:57:99:cd:3b;10.20.17.190;;;;iponly;;0;;;;;
a005;a005lt19wlan;e16;e4:60:17:4c:44:d3;10.20.17.191;;;;iponly;;0;;;;;
b113;b113lt10wlan;e16;d0:39:57:97:34:93;10.20.17.193;;;;iponly;;0;;;;;
b113;b113lt18wlan;e16;e4:60:17:4c:43:57;10.20.17.194;;;;iponly;;0;;;;;
b113;b113lt19wlan;e16;d0:39:57:99:d0:17;10.20.17.195;;;;iponly;;0;;;;;
b113;b113lt20wlan;e16;e4:60:17:4c:38:17;10.20.17.196;;;;iponly;;0;;;;;
b220;b220lt18wlan;e16;d0:39:57:99:c2:a3;10.20.17.197;;;;iponly;;0;;;;;
b220;b220lt20wlan;e16;d0:39:57:99:c0:4f;10.20.17.198;;;;iponly;;0;;;;;
d002;d002lt03wlan;e16;d0:39:57:99:bf:cd;10.20.17.199;;;;iponly;;0;;;;;
d002;d002lt06wlan;e16;d0:39:57:99:d3:75;10.20.17.200;;;;iponly;;0;;;;;
d002;d002lt09wlan;e16;d0:39:57:99:cd:8d;10.20.17.201;;;;iponly;;0;;;;;
d002;d002lt10wlan;e16;d0:39:57:99:c0:1d;10.20.17.202;;;;iponly;;0;;;;;
d002;d002lt16wlan;e16;e4:60:17:4c:37:27;10.20.17.203;;;;iponly;;0;;;;;
d002;d002lt17wlan;e16;d0:39:57:99:d0:77;10.20.17.204;;;;iponly;;0;;;;;
d002;d002lt19wlan;e16;e4:60:17:4c:37:59;10.20.17.205;;;;iponly;;0;;;;;
d103;d103lt01wlan;e16;e4:60:17:4c:37:77;10.20.17.207;;;;iponly;;0;;;;;
d103;d103lt05wlan;e16;d0:39:57:99:c0:99;10.20.17.208;;;;iponly;;0;;;;;
d103;d103lt07wlan;e16;e4:60:17:4c:37:6d;10.20.17.209;;;;iponly;;0;;;;;
d103;d103lt17wlan;e16;d0:39:57:99:c0:0d;10.20.17.210;;;;iponly;;0;;;;;
e009;e009lt02wlan;e16;d0:39:57:99:c0:11;10.20.17.211;;;;iponly;;0;;;;;
e009;e009lt04wlan;e16;d0:39:57:99:c5:3d;10.20.17.212;;;;iponly;;0;;;;;
e009;e009lt06wlan;e16;d0:39:57:99:d0:93;10.20.17.213;;;;iponly;;0;;;;;
e020;e020lt03wlan;e16;d0:39:57:99:c0:45;10.20.17.214;;;;iponly;;0;;;;;
e020;e020lt05wlan;e16;d0:39:57:99:c5:e9;10.20.17.215;;;;iponly;;0;;;;;
e020;e020lt09wlan;e16;d0:39:57:99:c6:e3;10.20.17.237;;;;iponly;;0;;;;;
e020;e020lt10wlan;e16;d0:39:57:99:d0:65;10.20.17.238;;;;iponly;;0;;;;;
e020;e020lt13wlan;e16;d0:39:57:99:c0:23;10.20.17.239;;;;iponly;;0;;;;;
e020;e020lt14wlan;e16;d0:39:57:99:c0:33;10.20.17.240;;;;iponly;;0;;;;;
e020;e020lt15wlan;e16;d0:39:57:99:c5:29;10.20.17.241;;;;iponly;;0;;;;;
b103;b103lt06wlan;e16;d0:39:57:99:c7:47;10.20.17.242;;;;iponly;;0;;;;;
b103;b103lt08wlan;e16;d0:39:57:99:c6:01;10.20.17.244;;;;iponly;;0;;;;;
b103;b103lt09wlan;e16;d0:39:57:99:c5:8f;10.20.17.245;;;;iponly;;0;;;;;
b103;b103lt11wlan;e16;d0:39:57:99:d0:c7;10.20.17.246;;;;iponly;;0;;;;;
b103;b103lt12wlan;e16;d0:39:57:99:c5:db;10.20.17.247;;;;iponly;;0;;;;;
b103;b103lt18wlan;e16;d0:39:57:99:c0:2d;10.20.17.248;;;;iponly;;0;;;;;
b103;b103lt19wlan;e16;e4:60:17:4c:44:dd;10.20.17.249;;;;iponly;;0;;;;;
b103;b103lt20wlan;e16;d0:39:57:99:d0:71;10.20.18.152;;;;iponly;;0;;;;;
e115;e115lt01wlan;e16;d0:39:57:99:bb:17;10.20.18.153;;;;iponly;;0;;;;;
e115;e115lt02wlan;e16;d0:39:57:99:cd:81;10.20.18.154;;;;iponly;;0;;;;;
e115;e115lt03wlan;e16;e4:60:17:4c:44:fb;10.20.18.155;;;;iponly;;0;;;;;
e115;e115lt04wlan;e16;d0:39:57:97:21:51;10.20.18.156;;;;iponly;;0;;;;;
e115;e115lt06wlan;e16;d0:39:57:99:d0:a7;10.20.18.157;;;;iponly;;0;;;;;
e115;e115lt11wlan;e16;d0:39:57:99:c0:71;10.20.18.158;;;;iponly;;0;;;;;
e115;e115lt13wlan;e16;d0:39:57:99:c5:e7;10.20.18.159;;;;iponly;;0;;;;;
e115;e115lt15wlan;e16;d0:39:57:99:c2:a5;10.20.18.177;;;;iponly;;0;;;;;
e115;e115lt16wlan;e16;d0:39:57:99:d0:8b;10.20.18.173;;;;iponly;;0;;;;;
e115;e115lt17wlan;e16;d0:39:57:99:bb:0b;10.20.18.174;;;;iponly;;0;;;;;
e119;e119lt16wlan;e16;d0:39:57:99:c0:13;10.20.18.175;;;;iponly;;0;;;;;
e208;e208lt08wlan;e16;d0:39:57:99:d0:7f;10.20.18.176;;;;iponly;;0;;;;;
b113;b113lt01wlan;e16;D0:39:57:99:D0:07;10.20.17.160;;;;iponly;;0;;;;;
b113;b113lt03wlan;e16;E4:60:17:4C:37:63;10.20.17.161;;;;iponly;;0;;;;;
b113;b113lt04wlan;e16;D0:39:57:99:BB:19;10.20.17.162;;;;iponly;;0;;;;;
b113;b113lt05wlan;e16;E4:60:17:4C:38:30;10.20.17.163;;;;iponly;;0;;;;;
b113;b113lt06wlan;e16;D0:39:57:99:C7:3B;10.20.17.164;;;;iponly;;0;;;;;
b113;b113lt07wlan;e16;D0:39:57:99:C7:4B;10.20.17.165;;;;iponly;;0;;;;;
b113;b113lt08wlan;e16;D0:39:57:99:C5:2F;10.20.17.166;;;;iponly;;0;;;;;
b113;b113lt11wlan;e16;D0:39:57:99:D0:9F;10.20.17.167;;;;iponly;;0;;;;;
b113;b113lt12wlan;e16;D0:39:57:99:CD:6D;10.20.17.168;;;;iponly;;0;;;;;
b113;b113lt13wlan;e16;E4:60:17:4C:38:35;10.20.17.169;;;;iponly;;0;;;;;
b113;b113lt14wlan;e16;D0:39:57:99:C2:83;10.20.17.170;;;;iponly;;0;;;;;
b113;b113lt15wlan;e16;D0:39:57:99:D0:81;10.20.17.171;;;;iponly;;0;;;;;
b113;b113lt16wlan;e16;D0:39:57:99:C5:C1;10.20.17.172;;;;iponly;;0;;;;;
b113;b113lt17wlan;e16;D0:39:57:99:C0:6B;10.20.17.173;;;;iponly;;0;;;;;
b113;b113lt21wlan;e16;E4:60:17:4C:43:AC;10.20.17.174;;;;iponly;;0;;;;;
b113;b113lt22wlan;e16;D0:39:57:99:D0:63;10.20.17.177;;;;iponly;;0;;;;;
b113;b113lt23wlan;e16;D0:39:57:99:D0:CF;10.20.17.178;;;;iponly;;0;;;;;
b113;b113lt24wlan;e16;D0:39:57:99:CD:8B;10.20.17.181;;;;iponly;;0;;;;;
b113;b113lt25wlan;e16;D0:39:57:97:2A:BF;10.20.17.182;;;;iponly;;0;;;;;
b113;b113lt26wlan;e16;D0:39:57:99:C5:DD;10.20.17.183;;;;iponly;;0;;;;;
b113;b113lt27wlan;e16;E4:60:17:4C:37:22;10.20.17.184;;;;iponly;;0;;;;;
b113;b113lt28wlan;e16;D0:39:57:99:D0:8D;10.20.17.186;;;;iponly;;0;;;;;
b113;b113lt29wlan;e16;D0:39:57:99:CB:13;10.20.17.187;;;;iponly;;0;;;;;
b113;b113lt30wlan;e16;D0:39:57:99:C5:8D;10.20.17.188;;;;iponly;;0;;;;;
d104;d104pc02;hpe_600;BC:0F:F3:C5:64:64;10.20.19.188;;;;classroom-teachercomputer;;1;;;;;
#a126;a126nb31;l15;84:ba:59:1c:07:96;10.20.20.117;;;;classroom-studentcomputer;;1;;;;;
d203;d203lt01;e16;c4:c6:e6:d1:0c:93;10.20.18.178;;;;classroom-studentcomputer;;1;;;;;
d203;d203lt11;e16;c4:c6:e6:a0:ed:f2;10.20.18.188;;;;classroom-studentcomputer;;1;;;;;
d203;d203lt16;e16;c4:c6:e6:ca:18:ef;10.20.18.193;;;;classroom-studentcomputer;;1;;;;;
d203;d203lt02;e16;c4:c6:e6:d1:0c:29;10.20.18.179;;;;classroom-studentcomputer;;1;;;;;
d203;d203lt07;e16;c4:c6:e6:d1:0c:6b;10.20.18.184;;;;classroom-studentcomputer;;1;;;;;
d203;d203lt03;e16;c4:c6:e6:a0:ee:9a;10.20.18.180;;;;classroom-studentcomputer;;1;;;;;
d203;d203lt12;e16;C4:C6:E6:A0:ED:78;10.20.18.189;;;;classroom-studentcomputer;;1;;;;;
d203;d203lt08;e16;C4:C6:E6:D1:0c:8f;10.20.18.185;;;;classroom-studentcomputer;;1;;;;;
d203;d203lt17;e16;C4:C6:E6:D1:0c:9B;10.20.18.240;;;;classroom-studentcomputer;;1;;;;;
d203;d203lt04;e16;C4:C6:E6:A0:ED:B4;10.20.18.181;;;;classroom-studentcomputer;;1;;;;;
d203;d203lt09;e16;C4:C6:E6:A0:ED:5E;10.20.18.186;;;;classroom-studentcomputer;;1;;;;;
d203;d203lt13;e16;C4:C6:E6:D1:0D:1f;10.20.18.190;;;;classroom-studentcomputer;;1;;;;;
d203;d203lt05;e16;C4:C6:E6:D1:0d:4d;10.20.18.182;;;;classroom-studentcomputer;;1;;;;;
d203;d203lt10;e16;c4:c6:e6:d1:0d:33;10.20.18.187;;;;classroom-studentcomputer;;1;;;;;
d203;d203lt14;e16;C4:C6:E6:BA:46:8c;10.20.18.191;;;;classroom-studentcomputer;;1;;;;;
d203;d203lt15;e16;c4:c6:e6:a0:eb:16;10.20.18.192;;;;classroom-studentcomputer;;1;;;;;
d203;d203lt20;e16;C4:C6:E6:D1:0d:21;10.20.18.243;;;;classroom-studentcomputer;;1;;;;;
d203;d203lt19;e16;c4:c6:e6:a0:ed:a0;10.20.18.242;;;;classroom-studentcomputer;;1;;;;;
d203;d203lt06;e16;C4:C6:E6:A0:EE:C2;10.20.18.183;;;;classroom-studentcomputer;;1;;;;;
d002;d002lt18wlan;e16;d0:39:57:99:c0:1b;10.20.20.117;;;;iponly;;1;;;;;
d002;d002lt11wlan;e16;d0:39:57:99:c0:95;10.20.20.118;;;;iponly;;1;;;;;
e020;e020lt02wlan;e16;d0:39:57:99:c5:3b;10.20.20.120;;;;iponly;;1;;;;;
e208;e208lt09wlan;e16;d0:39:57:99:c2:99;10.20.20.123;;;;iponly;;1;;;;;
e115;e115lt07wlan;e16;d0:39:57:99:c5:e3;10.20.20.124;;;;iponly;;1;;;;;
e020;e020lt04wlan;e16;d0:39:57:99:c0:43;10.20.20.125;;;;iponly;;1;;;;;
e020;e020lt11wlan;e16;d0:39:57:99:c5:a1;10.20.20.126;;;;iponly;;1;;;;;
e020;e020lt01wlan;e16;d0:39:57:99:d0:a5;10.20.20.127;;;;iponly;;1;;;;;
e009;e009lt07wlan;e16;e4:60:17:4c:37:ae;10.20.20.128;;;;iponly;;1;;;;;
d002;d002lt05wlan;e16;d0:39:57:99:c5:8b;10.20.20.129;;;;iponly;;1;;;;;
e020;e020lt08wlan;e16;d0:39:57:99:c5:91;10.20.20.130;;;;iponly;;1;;;;;
a005;a005lt15wlan;e16;e4:60:17:4c:43:70;10.20.20.131;;;;iponly;;1;;;;;
b220;b220lt14wlan;e16;d0:39:57:99:c5:d9;10.20.20.133;;;;iponly;;1;;;;;
b206;b206lt17wlan;e16;e4:60:17:49:a5:89;10.20.20.134;;;;iponly;;1;;;;;
e115;e115lt14wlan;e16;e4:60:17:48:a8:91;10.20.21.227;;;;iponly;;1;;;;;
d002;d002lt14wlan;e16;d0:39:57:99:cd:83;10.20.21.228;;;;iponly;;1;;;;;
d002;d002lt07wlan;e16;e4:60:17:4c:37:7c;10.20.21.229;;;;iponly;;1;;;;;
d002;d002lt01wlan;e16;d0:39:57:99:bf:cf;10.20.21.231;;;;iponly;;1;;;;;
e115;e115lt08wlan;e16;e4:60:17:4c:44:ec;10.20.21.232;;;;iponly;;1;;;;;
e115;e115lt10wlan;e16;e4:60:17:4c:43:a2;10.20.21.233;;;;iponly;;1;;;;;
e119;e119lt17wlan;e16;e4:60:17:4c:37:5e;10.20.21.234;;;;iponly;;0;;;;;
e119;e119lt18wlan;e16;d0:39:57:99:d0:09;10.20.21.235;;;;iponly;;0;;;;;
e115;e115lt12wlan;e16;d0:39:57:99:cb:0b;10.20.21.236;;;;iponly;;1;;;;;
e119;e119lt15wlan;e16;e4:60:17:49:b6:64;10.20.21.237;;;;iponly;;0;;;;;
d002;d002lt15wlan;e16;d0:39:57:99:c5:bd;10.20.21.238;;;;iponly;;1;;;;;
e020;e020lt07wlan;e16;d0:39:57:99:cd:5d;10.20.21.239;;;;iponly;;1;;;;;
e020;e020lt12wlan;e16;d0:39:57:99:c0:47;10.20.21.240;;;;iponly;;1;;;;;
e020;e020lt06wlan;e16;d0:39:57:99:d0:99;10.20.21.241;;;;iponly;;1;;;;;
b113;b113lt09wlan;e16;e4:60:17:49:a5:57;10.20.18.234;;;;iponly;;1;;;;;
d203;d203lt01wlan;e16;98:BD:80:6F:15:0D;10.20.20.74;;;;iponly;;0;;;;;
d203;d203lt02wlan;e16;98:BD:80:6F:D5:B0;10.20.20.75;;;;iponly;;0;;;;;
d203;d203lt03wlan;e16;E8:BF:B8:5C:3F:14;10.20.20.76;;;;iponly;;0;;;;;
d203;d203lt04wlan;e16;E8:BF:B8:3C:75:35;10.20.20.77;;;;iponly;;0;;;;;
d203;d203lt05wlan;e16;98:BD:80:6E:EA:56;10.20.20.78;;;;iponly;;0;;;;;
d203;d203lt06wlan;e16;E8:BF:B8:5C:50:0D;10.20.20.79;;;;iponly;;0;;;;;
d203;d203lt07wlan;e16;98:BD:80:6C:6C:FE;10.20.20.80;;;;iponly;;0;;;;;
d203;d203lt08wlan;e16;98:BD:80:68:8B:34;10.20.20.81;;;;iponly;;0;;;;;
d203;d203lt09wlan;e16;E8:BF:B8:5C:4E:05;10.20.20.82;;;;iponly;;0;;;;;
d203;d203lt10wlan;e16;98:BD:80:6E:A2:A8;10.20.20.83;;;;iponly;;0;;;;;
d203;d203lt11wlan;e16;E8:BF:B8:3C:74:09;10.20.20.84;;;;iponly;;0;;;;;
d203;d203lt12wlan;e16;E8:BF:B8:5C:4C:4D;10.20.20.85;;;;iponly;;0;;;;;
d203;d203lt13wlan;e16;98:BD:80:6A:E5:87;10.20.20.86;;;;iponly;;0;;;;;
d203;d203lt14wlan;e16;E8:BF:B8:5F:46:8C;10.20.20.87;;;;iponly;;0;;;;;
d203;d203lt15wlan;e16;E8:BF:B8:5C:4F:FE;10.20.20.88;;;;iponly;;0;;;;;
d203;d203lt16wlan;e16;98:BD:80:6F:6B:2F;10.20.20.89;;;;iponly;;0;;;;;
d203;d203lt17wlan;e16;98:BD:80:6C:43:A5;10.20.20.90;;;;iponly;;0;;;;;
d203;d203lt18wlan;e16;E8:BF:B8:5C:48:E2;10.20.20.91;;;;iponly;;0;;;;;
d203;d203lt19wlan;e16;E8:BF:B8:5C:4A:6D;10.20.20.92;;;;iponly;;0;;;;;
d203;d203lt20wlan;e16;98:BD:80:6F:C0:4D;10.20.18.244;;;;iponly;;0;;;;;
c113;c113pc01;hpz2_medien;D0:AD:08:0E:B1:C8;10.20.19.184;;;;classroom-teachercomputer;;1;;;;;
c108;c108pc01;p16;D0:AD:08:0E:B2:2E;10.20.21.25;;;;classroom-teachercomputer;;1;;;;;
c107;c107pc01;hpz2_medien;D0:AD:08:0D:CE:F1;10.20.21.26;;;;classroom-teachercomputer;;1;;;;;
e107;e107pc01;hpe_600;BC:0F:F3:C5:64:4F;10.20.21.67;;;;classroom-teachercomputer;;1;;;;;
e107;e107pc02;hpe_600;BC:0F:F3:C5:64:0F;10.20.21.68;;;;classroom-teachercomputer;;1;;;;;
e106;e106pc01;hpe_600;BC:0F:F3:C5:60:E0;10.20.21.63;;;;classroom-teachercomputer;;1;;;;;
e106;e106pc02;hpe_600;BC:0F:F3:C5:63:E1;10.20.21.64;;;;classroom-teachercomputer;;1;;;;;
b101;b101pc02;hpe_600;BC:0F:F3:C5:64:3E;10.20.20.63;;;;classroom-teachercomputer;;1;;;;;
b101;b101pc01;hpe_600;BC:0F:F3:C5:64:54;10.20.20.62;;;;classroom-teachercomputer;;1;;;;;
b102;b102pc01;hpe_600;BC:0F:F3:C5:65:0A;10.20.20.65;;;;classroom-studentcomputer;;1;;;;;
b102;b102pc02;hpe_600;BC:0F:F3:C5:64:5E;10.20.20.66;;;;classroom-teachercomputer;;1;;;;;
a112;a112pc01;hpe_600;BC:0F:F3:C5:62:6A;10.20.21.76;;;;classroom-teachercomputer;;1;;;;;
a112;a112pc02;hpe_600;BC:0F:F3:C5:65:28;10.20.21.78;;;;classroom-teachercomputer;;1;;;;;
c007;c007pc01;hpz2_medien;D0:AD:08:0E:C1:F4;10.20.18.141;;;;classroom-teachercomputer;;1;;;;;
c007;c007pc02;hpz2_medien;D0:AD:08:0E:74:92;10.20.18.142;;;;classroom-teachercomputer;;1;;;;;
c007;c007pc03;hpz2_medien;D0:AD:08:0E:13:A0;10.20.18.143;;;;classroom-teachercomputer;;1;;;;;
c007;c007pc04;hpz2_medien;D0:AD:08:0E:81:B6;10.20.18.144;;;;classroom-teachercomputer;;1;;;;;
c007;c007pc06;hpz2_medien;D0:AD:08:0E:91:4A;10.20.18.146;;;;classroom-teachercomputer;;1;;;;;
c007;c007pc05;hpz2_medien;D0:AD:08:0E:92:3F;10.20.18.145;;;;classroom-teachercomputer;;1;;;;;
c007;c007pc07;hpz2_medien;D0:AD:08:0D:FE:DC;10.20.18.147;;;;classroom-teachercomputer;;1;;;;;
c007;c007pc08;mac;10:dd:b1:b8:f7:aa;10.20.18.150;;;;iponly;;1;;;;;
c007;c007mac;hpz2_medien;D0:AD:08:0D:CE:7A;10.20.18.148;;;;classroom-teachercomputer;;1;;;;;
e019;e019pc01;hpe_600;BC:0F:F3:C5:63:74;10.20.17.154;;;;classroom-teachercomputer;;1;;;;;
d003;d003pc01;hpe_600;BC:0F:F3:C5:61:64;10.20.17.236;;;;classroom-teachercomputer;;1;;;;;
e016;e016pc01;hpe_600;BC:0F:F3:C5:64:58;10.20.18.4;;;;classroom-teachercomputer;;1;;;;;
b018;b018pc1;hpz2_g9;D0:AD:08:0E:91:70;10.20.17.3;;;;classroom-teachercomputer;;1;;;;;
b011;b011pc01;hpz2_g9;D0:AD:08:0E:A1:8A;10.20.17.46;;;;classroom-teachercomputer;;1;;;;;
b017;b017pc01;hpz2_g9;D0:AD:08:0E:81:E1;10.20.17.4;;;;classroom-teachercomputer;;1;;;;;
b120;b120pc01;hpe_600;BC:0F:F3:C5:64:F4;10.20.19.82;;;;classroom-teachercomputer;;1;;;;;
c204;c204pc01;hpe_600;BC:0F:F3:C5:63:A6;10.20.20.71;;;;classroom-teachercomputer;;1;;;;;
a005;a005pc01;hpe_600;BC:0F:F3:C5:63:CA;10.20.21.138;;;;classroom-teachercomputer;;1;;;;;
e012;e012pc01;hpe_600;BC:0F:F3:C5:61:29;10.20.18.25;;;;classroom-teachercomputer;;1;;;;;
a102;a102pc01;hpz2_medien;D0:AD:08:0E:A1:1E;10.20.21.94;;;;classroom-teachercomputer;;1;;;;;
e206;e206pc01;hpz2_g9;D0:AD:08:0E:33:45;10.20.23.38;;;;classroom-teachercomputer;;1;;;;;
e215;e215pc01;hpz2_g9;D0:AD:08:0E:C1:6A;10.20.22.125;;;;classroom-teachercomputer;;1;;;;;
b015;b015pc01;hpz2_g9;D0:AD:08:0E:A1:A2;10.20.17.45;;;;classroom-teachercomputer;;1;;;;;
b010;b010pc01;hpz2_g9;D0:AD:08:0D:BE:6B;10.20.17.47;;;;classroom-teachercomputer;;1;;;;;
c121;c121lt01;l15_medien;84:BA:59:1C:08:3D;10.20.17.76;;;;classroom-studentcomputer;;1;;;;;
c121;c121lt02;l15_medien;84:BA:59:1C:07:59;10.20.17.157;;;;classroom-studentcomputer;;1;;;;;
c121;c121lt03;l15_medien;84:BA:59:1C:06:F4;10.20.17.158;;;;classroom-studentcomputer;;1;;;;;
c121;c121lt04;l15_medien;84:BA:59:1C:08:7E;10.20.17.159;;;;classroom-studentcomputer;;1;;;;;
b019;b019t01;l15_bau;84:BA:59:1C:08:01;10.20.18.10;;;;classroom-studentcomputer;;1;;;;;
b019;b019t01wlan;l15_bau;d4:f3:2d:66:e9:96;10.20.18.11;;;;iponly;;1;;;;;
c121;c121lt05;l15_medien;84:BA:59:1C:07:DE;10.20.17.175;;;;classroom-studentcomputer;;1;;;;;
c121;c121lt06;l15_medien;84:BA:59:1C:06:A8;10.20.17.189;;;;classroom-studentcomputer;;1;;;;;
c121;c121lt07;l15_medien;84:BA:59:1C:08:A6;10.20.17.206;;;;classroom-studentcomputer;;1;;;;;
c121;c121lt08;l15_medien;84:BA:59:1C:04:C6;10.20.17.243;;;;classroom-studentcomputer;;1;;;;;
c121;c121lt09;l15_medien;84:BA:59:1C:05:70;10.20.17.250;;;;classroom-studentcomputer;;1;;;;;
c121;c121lt10;l15_medien;84:BA:59:1C:06:42;10.20.17.251;;;;classroom-studentcomputer;;1;;;;;
c121;c121lt11;l15_medien;84:BA:59:1C:05:79;10.20.17.252;;;;classroom-studentcomputer;;1;;;;;
c121;c121lt12;l15_medien;84:BA:59:1C:05:3D;10.20.17.253;;;;classroom-studentcomputer;;1;;;;;
c121;c121lt13;l15_medien;84:BA:59:1C:05:7D;10.20.17.254;;;;classroom-studentcomputer;;1;;;;;
c121;c121lt14;l15_medien;84:BA:59:1C:05:80;10.20.18.1;;;;classroom-studentcomputer;;1;;;;;
c121;c121lt15;l15_medien;84:BA:59:1C:06:9E;10.20.18.2;;;;classroom-studentcomputer;;1;;;;;
c121;c121lt16;l15_medien;84:BA:59:1C:07:04;10.20.18.5;;;;classroom-studentcomputer;;1;;;;;
c121;c121lt17;l15_medien;84:BA:59:1C:05:34;10.20.18.6;;;;classroom-studentcomputer;;1;;;;;
c121;c121lt18;l15_medien;84:BA:59:1C:08:8D;10.20.18.7;;;;classroom-studentcomputer;;1;;;;;
c121;c121lt19;l15_medien;84:BA:59:1C:07:FA;10.20.18.8;;;;classroom-studentcomputer;;1;;;;;
c121;c121lt20;l15_medien;84:BA:59:1C:06:B8;10.20.18.9;;;;classroom-studentcomputer;;1;;;;;
e109;e109pc01;hpe_600;BC:0F:F3:C5:63:6A;10.20.18.12;;;;classroom-teachercomputer;;1;;;;;
e108;e108pc01;hpe_600;BC:0F:F3:C5:64:43;10.20.18.13;;;;classroom-teachercomputer;;1;;;;;
b113;b113pc01;hpe_600;BC:0F:F3:C5:63:85;10.20.18.14;;;;classroom-teachercomputer;;1;;;;;
c119;c119pc01;hpz2_medien;D0:AD:08:0E:A2:51;10.20.19.124;;;;classroom-teachercomputer;;1;;;;;
b110;b110pc03;hpz2_medien;D0:AD:08:0E:B1:E4;10.20.18.15;;;;classroom-teachercomputer;;1;;;;;
b119;b119pc01;hpe_600;BC:0F:F3:C5:64:8F;10.20.19.84;;;;classroom-teachercomputer;;1;;;;;
e212;e212pc01;hpz2_medien;D0:AD:08:0E:D1:0E;10.20.22.145;;;;classroom-teachercomputer;;1;;;;;
e002;e002pc01;hpe_600;BC:0F:F3:C5:64:EF;10.20.18.149;;;;classroom-teachercomputer;;1;;;;;
e009;e009pc01;hpe_600;BC:0F:F3:C5:64:76;10.20.18.163;;;;classroom-teachercomputer;;1;;;;;
b019;b019lt02;l15_bau;84:BA:59:1C:08:5B;10.20.18.17;;;;classroom-studentcomputer;;1;;;;;
b019;b019lt03;l15_bau;84:BA:59:1C:05:8C;10.20.18.18;;;;classroom-studentcomputer;;1;;;;;
b019;b019lt04;l15_bau;84:BA:59:1C:06:FA;10.20.18.19;;;;classroom-studentcomputer;;1;;;;;
b019;b019lt05;l15_bau;84:BA:59:1C:07:10;10.20.18.20;;;;classroom-studentcomputer;;1;;;;;
b019;b019lt06;l15_bau;84:BA:59:1C:07:1A;10.20.18.21;;;;classroom-studentcomputer;;1;;;;;
b019;b019lt07;l15_bau;84:BA:59:1C:05:83;10.20.18.22;;;;classroom-studentcomputer;;1;;;;;
b019;b019lt08;l15_bau;84:BA:59:1C:06:81;10.20.18.23;;;;classroom-studentcomputer;;1;;;;;
b019;b019lt09;l15_bau;84:BA:59:1C:04:D8;10.20.18.27;;;;classroom-studentcomputer;;1;;;;;
b019;b019lt10;l15_bau;84:BA:59:1C:05:2C;10.20.18.28;;;;classroom-studentcomputer;;1;;;;;
b019;b019lt11;l15_bau;84:BA:59:1C:06:C8;10.20.18.60;;;;classroom-studentcomputer;;1;;;;;
b019;b019lt12;l15_bau;84:BA:59:1C:05:46;10.20.18.86;;;;classroom-studentcomputer;;1;;;;;
e117;e117pc01;hpe_600;BC:0F:F3:C5:61:92;10.20.18.195;;;;classroom-teachercomputer;;1;;;;;
b019;b019lt13;l15_bau;84:BA:59:1C:06:0F;10.20.18.151;;;;classroom-studentcomputer;;1;;;;;
b019;b019lt14;l15_bau;84:BA:59:1C:08:80;10.20.18.160;;;;classroom-studentcomputer;;1;;;;;
b019;b019lt15;l15_bau;84:BA:59:1C:04:EA;10.20.18.161;;;;classroom-studentcomputer;;1;;;;;
b019;b019lt16;l15_bau;84:BA:59:1C:07:B4;10.20.18.168;;;;classroom-studentcomputer;;1;;;;;
b019;b019lt18;l15_bau;84:BA:59:1C:07:91;10.20.18.170;;;;classroom-studentcomputer;;1;;;;;
b019;b019lt19;l15_bau;84:BA:59:1C:05:2B;10.20.18.171;;;;classroom-studentcomputer;;1;;;;;
b019;b019lt17;l15_bau;84:BA:59:1C:07:B5;10.20.18.169;;;;classroom-studentcomputer;;1;;;;;
b117;b117pc01;hpe_600;BC:0F:F3:C5:63:43;10.20.19.87;;;;classroom-teachercomputer;;1;;;;;
b116;b116pc01;hpe_600;BC:0F:F3:C5:64:FF;10.20.16.53;;;;classroom-teachercomputer;;1;;;;;
a122;a122pc01;hpe_600;BC:0F:F3:C5:64:15;10.20.18.207;;;;classroom-teachercomputer;;1;;;;;
e208;e208pc01;hpe_600;BC:0F:F3:C5:63:81;10.20.18.211;;;;classroom-teachercomputer;;1;;;;;
c215;c215pc01;hpe_600;BC:0F:F3:C5:65:19;10.20.18.216;;;;classroom-teachercomputer;;1;;;;;
c208;c208pc01;hpe_600;BC:0F:F3:C5:61:69;10.20.18.215;;;;classroom-teachercomputer;;1;;;;;
d218;d218pc01;hpe_600;BC:0F:F3:C5:64:A3;10.20.23.8;;;;classroom-teachercomputer;;1;;;;;
d219;d219pc01;hpe_600;BC:0F:F3:C5:62:EA;10.20.18.217;;;;classroom-teachercomputer;;1;;;;;
e218;e218pc01;hpe_600;BC:0F:F3:C5:63:5A;10.20.22.100;;;;classroom-teachercomputer;;1;;;;;
e203;e203pc01;hpe_600;BC:0F:F3:C5:62:A1;10.20.23.35;;;;classroom-teachercomputer;;1;;;;;
e216;e216pc01;hpe_600;BC:0F:F3:C5:65:33;10.20.19.8;;;;classroom-teachercomputer;;1;;;;;
a204;a204pc01;hpe_600;BC:0F:F3:C5:62:28;10.20.18.218;;;;classroom-teachercomputer;;1;;;;;
a208;a208pc01;hpe_600;BC:0F:F3:C5:63:2C;10.20.22.177;;;;classroom-teachercomputer;;1;;;;;
a203;a203pc01;hpe_600;BC:0F:F3:C5:60:E6;10.20.23.70;;;;classroom-teachercomputer;;1;;;;;
a103;a103pc01;hpz2_medien;D0:AD:08:0E:81:0C;10.20.21.95;;;;classroom-teachercomputer;;1;;;;;
d004;d004pc01;hpe_600;BC:0F:F3:C5:62:45;10.20.17.152;;;;classroom-teachercomputer;;1;;;;;
c016;c016pc01;hpe_600;BC:0F:F3:C5:63:63;10.20.17.149;;;;classroom-teachercomputer;;1;;;;;
d002;d002pc01;hpe_600;BC:0F:F3:C5:64:49;10.20.17.176;;;;classroom-teachercomputer;;1;;;;;
e020;e020pc01;hpe_600;BC:0F:F3:C5:61:8E;10.20.17.217;;;;classroom-teachercomputer;;1;;;;;
b008;b008pc01;hpz2_g9;D0:AD:08:0E:A1:15;10.20.18.87;;;;classroom-teachercomputer;;1;;;;;
c017;c017pc01;hpe_600;BC:0F:F3:C5:64:71;10.20.17.148;;;;classroom-teachercomputer;;1;;;;;
b019;b019lt02wlan;l15_bau;d4:f3:2d:64:2f:5d;10.20.18.254;;;;iponly;;1;;;;;
b019;b019lt03wlan;l15_bau;d4:f3:2d:64:08:52;10.20.19.7;;;;iponly;;1;;;;;
b019;b019lt04wlan;l15_bau;d4:f3:2d:65:09:87;10.20.19.12;;;;iponly;;1;;;;;
b019;b019lt05wlan;l15_bau;d4:f3:2d:66:08:0a;10.20.19.64;;;;iponly;;1;;;;;
b019;b019lt06wlan;l15_bau;d4:f3:2d:66:ea:31;10.20.19.86;;;;iponly;;1;;;;;
b019;b019lt07wlan;l15_bau;d4:f3:2d:66:08:46;10.20.19.110;;;;iponly;;1;;;;;
b019;b019lt08wlan;l15_bau;d4:f3:2d:66:ea:1d;10.20.19.112;;;;iponly;;1;;;;;
b019;b019lt09wlan;l15_bau;d4:f3:2d:66:08:0f;10.20.19.121;;;;iponly;;1;;;;;
b019;b019lt10wlan;l15_bau;d4:f3:2d:66:e9:a5;10.20.19.186;;;;iponly;;1;;;;;
b019;b019lt11wlan;l15_bau;d4:f3:2d:65:fb:4e;10.20.19.189;;;;iponly;;1;;;;;
b019;b019lt12wlan;l15_bau;d4:f3:2d:64:49:b1;10.20.19.190;;;;iponly;;1;;;;;
b019;b019lt13wlan;l15_bau;d4:f3:2d:64:58:8e;10.20.19.191;;;;iponly;;1;;;;;
b019;b019lt14wlan;l15_bau;d4:f3:2d:66:9b:b2;10.20.19.192;;;;iponly;;1;;;;;
b019;b019lt15wlan;l15_bau;d4:f3:2d:66:16:65;10.20.19.193;;;;iponly;;1;;;;;
b019;b019lt16wlan;l15_bau;d4:f3:2d:66:e7:2a;10.20.19.194;;;;iponly;;1;;;;;
b019;b019lt17wlan;l15_bau;d4:f3:2d:66:e9:5f;10.20.19.195;;;;iponly;;1;;;;;
b104;b104lt01wlan;e16;98:bd:80:6a:e5:82;10.20.19.199;;;;classroom-teachercomputer;;1;;;;;
b104;b104lt01;e16;c4:c6:e6:d1:0c:e9;10.20.19.200;;;;classroom-teachercomputer;;1;;;;;
c103;mm-10-0001;mm2pro;00:c5:85:15:2d:d2;10.20.21.186;;;;classroom-studentcomputer;;0;;;;;
c103;mm-10-0002;mm2pro;00:c5:85:0f:3b:a7;10.20.21.187;;;;classroom-studentcomputer;;0;;;;;
c103;mm-10-0003;mm2pro;00:c5:85:13:2f:7f;10.20.21.188;;;;classroom-studentcomputer;;0;;;;;
c103;mm-10-0004;mm2pro;00:c5:85:13:6b:c8;10.20.21.189;;;;classroom-studentcomputer;;0;;;;;
c103;mm-10-0005;mm2pro;00:c5:85:12:3d:36;10.20.21.190;;;;classroom-studentcomputer;;0;;;;;
c103;mm-10-0006;mm2pro;00:c5:85:02:98:b6;10.20.21.191;;;;classroom-studentcomputer;;0;;;;;
c103;mm-10-0007;mm2pro;00:c5:85:15:e7:5a;10.20.21.192;;;;classroom-studentcomputer;;0;;;;;
c103;mm-10-0008;mm2pro;00:c5:85:13:07:74;10.20.21.193;;;;classroom-studentcomputer;;0;;;;;
c103;mm-10-0009;mm2pro;00:c5:85:0a:66:df;10.20.21.194;;;;classroom-studentcomputer;;0;;;;;
c103;mm-10-0010;mm2pro;00:c5:85:0f:56:a0;10.20.21.195;;;;classroom-studentcomputer;;0;;;;;
c106;mm-10-0011;mm2pro;00:c5:85:0e:ba:45;10.20.21.196;;;;classroom-studentcomputer;;0;;;;;
c103;mm-10-0012;mm2pro;00:c5:85:03:90:32;10.20.21.197;;;;classroom-studentcomputer;;0;;;;;
c103;mm-10-0013;mm2pro;00:c5:85:13:f6:d5;10.20.21.198;;;;classroom-studentcomputer;;0;;;;;
c103;mm-10-0014;mm2pro;00:c5:85:09:62:1f;10.20.21.199;;;;classroom-studentcomputer;;0;;;;;
c103;mm-10-0015;mm2pro;00:c5:85:06:e0:bb;10.20.21.200;;;;classroom-studentcomputer;;0;;;;;
c103;mm-10-0016;mm2pro;00:c5:85:10:40:36;10.20.21.201;;;;classroom-studentcomputer;;0;;;;;
c103;mm-10-0017;mm2pro;00:c5:85:0e:33:a6;10.20.21.202;;;;classroom-studentcomputer;;0;;;;;
c103;mm-10-0018;mm2pro;00:c5:85:03:f8:1a;10.20.21.203;;;;classroom-studentcomputer;;0;;;;;
c106;mm-10-0019;mm2pro;00:c5:85:0f:0b:0b;10.20.21.204;;;;classroom-studentcomputer;;0;;;;;
c103;mm-10-0020;mm2pro;00:c5:85:0f:47:ab;10.20.21.205;;;;classroom-studentcomputer;;0;;;;;
c103;mm-10-0021;mm2pro;00:c5:85:10:ad:7e;10.20.21.206;;;;classroom-studentcomputer;;0;;;;;
c103;mm-10-0022;mm2pro;00:c5:85:11:59:e8;10.20.21.207;;;;classroom-studentcomputer;;0;;;;;
c103;mm-10-0023;mm2pro;00:c5:85:13:14:cb;10.20.21.208;;;;classroom-studentcomputer;;0;;;;;
c103;mm-10-0024;mm2pro;00:c5:85:09:2f:ba;10.20.21.209;;;;classroom-studentcomputer;;0;;;;;
c103;mm-10-0025;mm2pro;00:c5:85:03:4e:c6;10.20.21.210;;;;classroom-studentcomputer;;0;;;;;
c103;mm-10-0026;mm2pro;00:c5:85:09:a3:c7;10.20.21.211;;;;classroom-studentcomputer;;0;;;;;
c103;mm-10-0027;mm2pro;00:c5:85:09:19:85;10.20.21.212;;;;classroom-studentcomputer;;0;;;;;
c103;mm-10-0028;mm2pro;00:c5:85:07:27:c0;10.20.21.213;;;;classroom-studentcomputer;;0;;;;;
c103;mm-10-0029;mm2pro;00:c5:85:07:c6:16;10.20.21.214;;;;classroom-studentcomputer;;0;;;;;
c103;mm-10-0030;mm2pro;00:c5:85:12:98:18;10.20.21.215;;;;classroom-studentcomputer;;0;;;;;
c103;mm-10-0031;mm2pro;00:c5:85:12:49:77;10.20.21.216;;;;classroom-studentcomputer;;0;;;;;
c106;mm-10-0032;mm2pro;00:c5:85:0f:e7:fb;10.20.21.217;;;;classroom-studentcomputer;;0;;;;;
c103;mm-10-0033;mm2pro;00:c5:85:01:f5:f5;10.20.21.218;;;;classroom-studentcomputer;;0;;;;;
c103;mm-10-0034;mm2pro;00:c5:85:03:50:86;10.20.21.219;;;;classroom-studentcomputer;;0;;;;;
a126;a126nb12;e16;fc:5c:ee:00:1d:64;10.20.23.213;;;;staffcomputer;;1;;;;;
a126;a126nb12wlan;e16;e4:60:17:4c:44:ba;10.20.23.214;;;;iponly;;1;;;;;
a126;a126pc01;hpz2_medien;D0:AD:08:06:17:FD;10.20.19.201;;;;classroom-teachercomputer;;1;;;;;
b003;b003pc01;hpe_600;BC:0F:F3:C5:63:D7;10.20.18.16;;;;classroom-teachercomputer;;1;;;;;
b211;b211pc02;hpe_600;BC:0F:F3:C5:62:13;10.20.17.156;;;;classroom-teachercomputer;;1;;;;;
b209;b209pc01;hpe_600;BC:0F:F3:C5:63:D9;10.20.19.202;;;;classroom-teachercomputer;;1;;;;;
b210;b210pc01;hpe_600;BC:0F:F3:C5:61:60;10.20.19.203;;;;classroom-teachercomputer;;1;;;;;
a002;a002lt01;e16;c4:c6:e6:a0:ed:3c;10.20.19.204;;;;classroom-teachercomputer;;1;;;;;
a002;a002lt01wlan;e16;e8:bf:b8:5c:44:a0;10.20.19.205;;;;classroom-teachercomputer;;1;;;;;
b103;b103lt20;e16;fc:5c:ee:00:1d:78;10.20.25.10;;;;classroom-studentcomputer;;1;;;;;
b103;b103lt12;e16;fc:5c:ee:00:1d:da;10.20.25.11;;;;classroom-studentcomputer;;1;;;;;
b103;b103lt18;e16;fc:5c:ee:00:20:76;10.20.25.21;;;;classroom-studentcomputer;;1;;;;;
b103;b103lt05;e16;fc:5c:ee:00:1f:50;10.20.25.13;;;;classroom-studentcomputer;;1;;;;;
b103;b103lt01;e16;fc:5c:ee:00:1d:66;10.20.25.12;;;;classroom-studentcomputer;;1;;;;;
b103;b103lt11;e16;fc:5c:ee:00:20:36;10.20.25.14;;;;classroom-studentcomputer;;1;;;;;
b103;b103lt17;e16;fc:5c:ee:00:1d:f0;10.20.25.15;;;;classroom-studentcomputer;;1;;;;;
b103;b103lt03;e16;fc:5c:ee:00:1d:6e;10.20.25.16;;;;classroom-studentcomputer;;1;;;;;
b103;b103lt02;e16;fc:5c:ee:00:1f:f0;10.20.25.17;;;;classroom-studentcomputer;;1;;;;;
b103;b103lt10;e16;74:5d:22:f9:16:d8;10.20.25.18;;;;classroom-studentcomputer;;1;;;;;
b103;b103lt13;e16;fc:5c:ee:00:1e:20;10.20.25.19;;;;classroom-studentcomputer;;1;;;;;
b103;b103lt16;e16;74:5d:22:f9:15:88;10.20.25.20;;;;classroom-studentcomputer;;1;;;;;
b103;b103lt08;e16;fc:5c:ee:00:1d:a8;10.20.25.22;;;;classroom-studentcomputer;;1;;;;;
b103;b103lt09;e16;fc:5c:ee:00:1d:d8;10.20.25.23;;;;classroom-studentcomputer;;1;;;;;
b103;b103lt06;e16;74:5d:22:f9:13:10;10.20.25.24;;;;classroom-studentcomputer;;1;;;;;
b103;b103lt07;e16;fc:5c:ee:00:1f:04;10.20.25.25;;;;classroom-studentcomputer;;1;;;;;
b103;b103lt15;e16;74:5d:22:f9:16:e4;10.20.25.26;;;;classroom-studentcomputer;;1;;;;;
a126;a126lt20;e16;c4:c6:e6:a0:ed:9e;10.20.24.1;;;;classroom-teachercomputer;;1;;;;;
a126;a126lt21;e16;fc:5c:ee:00:1d:1c;10.20.24.2;;;;classroom-teachercomputer;;1;;;;;
a126;a126lt23;e16;74:5d:22:f9:55:64;10.20.24.3;;;;classroom-teachercomputer;;1;;;;;
a126;a126lt22;e16;c4:c6:e6:a0:ed:3e;10.20.24.4;;;;classroom-teachercomputer;;1;;;;;
a126;a126lt24;e16;c4:c6:e6:a0:ee:90;10.20.24.5;;;;classroom-teachercomputer;;1;;;;;
a126;a126lt25;e16;fc:5c:ee:00:1f:1c;10.20.24.6;;;;classroom-teachercomputer;;1;;;;;
a126;a126lt26;e16;fc:5c:ee:00:1f:96;10.20.24.7;;;;classroom-teachercomputer;;1;;;;;
a126;a126lt27;e16;c4:c6:e6:a0:ee:d4;10.20.24.8;;;;classroom-teachercomputer;;1;;;;;
a126;a126lt28;e16;c4:c6:e6:a0:ed:90;10.20.24.9;;;;classroom-teachercomputer;;1;;;;;
a126;a126lt29;e16;fc:5c:ee:00:1e:ac;10.20.24.10;;;;classroom-teachercomputer;;1;;;;;
a126;a126lt30;e16;c4:c6:e6:d1:0c:19;10.20.24.11;;;;classroom-teachercomputer;;1;;;;;
a126;a126lt31;e16;c4:c6:e6:a0:ee:d0;10.20.24.12;;;;classroom-teachercomputer;;1;;;;;
a126;a126lt20wlan;e16;e8:bf:b8:5c:4e:0a;10.20.24.20;;;;classroom-teachercomputer;;1;;;;;
a126;a126lt21wlan;e16;d0:39:57:99:c2:95;10.20.24.21;;;;classroom-teachercomputer;;1;;;;;
a126;a126lt22wlan;e16;d0:39:57:99:cd:51;10.20.24.22;;;;classroom-teachercomputer;;1;;;;;
a126;a126lt23wlan;e16;e8:bf:b8:5c:53:aa;10.20.24.23;;;;classroom-teachercomputer;;1;;;;;
a126;a126lt24wlan;e16;e8:bf:b8:3c:74:a9;10.20.24.24;;;;classroom-teachercomputer;;1;;;;;
a126;a126lt25wlan;e16;d0:39:57:99:c0:73;10.20.24.25;;;;classroom-teachercomputer;;1;;;;;
a126;a126lt26wlan;e16;e4:60:17:4c:44:e2;10.20.24.26;;;;classroom-teachercomputer;;1;;;;;
a126;a126lt27wlan;e16;e8:bf:b8:5c:38:ac;10.20.24.27;;;;classroom-teachercomputer;;1;;;;;
a126;a126lt28wlan;e16;e8:bf:b8:3c:75:1c;10.20.24.28;;;;classroom-teachercomputer;;1;;;;;
a126;a126lt29wlan;e16;d0:39:57:99:c5:d5;10.20.24.29;;;;classroom-teachercomputer;;1;;;;;
a126;a126lt30wlan;e16;98:bd:80:6e:a2:76;10.20.24.30;;;;classroom-teachercomputer;;1;;;;;
a126;a126lt31wlan;e16;e8:bf:b8:5c:4a:4f;10.20.24.31;;;;classroom-teachercomputer;;1;;;;;
a126;a126lt32;e16;c4:c6:e6:a0:ee:ce;10.20.24.13;;;;classroom-teachercomputer;;1;;;;;
a126;a126lt32wlan;e16;e8:bf:b8:fc:48:e2;10.20.24.32;;;;classroom-teachercomputer;;1;;;;;
b111;b111nb12;win11_pro_p16_zahntechnik;3c:18:a0:25:28:57;10.20.20.177;;;;classroom-studentcomputer;;1;;;;;
b008;b008nb01;win11_pro_p16_tischler_vermesser;3c:18:a0:22:f7:d4;10.20.18.89;;;;classroom-studentcomputer;;1;;;;;
b008;b008nb02;win11_pro_p16_tischler_vermesser;3c:18:a0:22:f7:37;10.20.18.90;;;;classroom-studentcomputer;;1;;;;;
b008;b008nb03;win11_pro_p16_tischler_vermesser;3c:18:a0:22:f7:f2;10.20.18.91;;;;classroom-studentcomputer;;1;;;;;
b008;b008nb04;win11_pro_p16_tischler_vermesser;3c:18:a0:22:fd:0e;10.20.18.92;;;;classroom-studentcomputer;;1;;;;;
b008;b008nb05;win11_pro_p16_tischler_vermesser;3c:18:a0:22:f7:3d;10.20.18.93;;;;classroom-studentcomputer;;1;;;;;
b008;b008nb06;win11_pro_p16_tischler_vermesser;3c:18:a0:22:fd:3c;10.20.18.94;;;;classroom-studentcomputer;;1;;;;;
b008;b008nb07;win11_pro_p16_tischler_vermesser;3c:18:a0:22:fd:0c;10.20.18.95;;;;classroom-studentcomputer;;1;;;;;
b008;b008nb08;win11_pro_p16_tischler_vermesser;3c:18:a0:22:f7:40;10.20.18.96;;;;classroom-studentcomputer;;1;;;;;
b008;b008nb09;win11_pro_p16_tischler_vermesser;3c:18:a0:22:f7:e8;10.20.18.97;;;;classroom-studentcomputer;;1;;;;;
b008;b008nb10;win11_pro_p16_tischler_vermesser;3c:18:a0:22:f7:e3;10.20.18.98;;;;classroom-studentcomputer;;1;;;;;
b008;b008nb11;win11_pro_p16_tischler_vermesser;3c:18:a0:22:fc:fd;10.20.18.99;;;;classroom-studentcomputer;;1;;;;;
b008;b008nb12;win11_pro_p16_tischler_vermesser;3c:18:a0:22:fc:fe;10.20.18.100;;;;classroom-studentcomputer;;1;;;;;
b008;b008nb13;win11_pro_p16_tischler_vermesser;3c:18:a0:22:ef:74;10.20.18.101;;;;classroom-studentcomputer;;1;;;;;
b008;b008nb14;win11_pro_p16_tischler_vermesser;3c:18:a0:22:f7:fa;10.20.18.102;;;;classroom-studentcomputer;;1;;;;;
b008;b008nb15;win11_pro_p16_tischler_vermesser;3c:18:a0:22:f7:71;10.20.18.103;;;;classroom-studentcomputer;;1;;;;;
b008;b008nb16;win11_pro_p16_tischler_vermesser;3c:18:a0:22:fd:36;10.20.18.104;;;;classroom-studentcomputer;;1;;;;;
b008;b008nb17;win11_pro_p16_tischler_vermesser;3c:18:a0:22:f4:ec;10.20.18.105;;;;classroom-studentcomputer;;1;;;;;
b008;b008nb18;win11_pro_p16_tischler_vermesser;3c:18:a0:22:f7:60;10.20.18.106;;;;classroom-studentcomputer;;1;;;;;
b008;b008nb19;win11_pro_p16_tischler_vermesser;3c:18:a0:22:fd:1d;10.20.18.107;;;;classroom-studentcomputer;;1;;;;;
b008;b008nb20;win11_pro_p16_tischler_vermesser;3c:18:a0:22:fd:1a;10.20.18.108;;;;classroom-studentcomputer;;1;;;;;
b008;b008nb21;win11_pro_p16_tischler_vermesser;3c:18:a0:22:f7:6c;10.20.18.109;;;;classroom-studentcomputer;;1;;;;;
b008;b008nb22;win11_pro_p16_tischler_vermesser;3c:18:a0:22:f7:c0;10.20.18.110;;;;classroom-studentcomputer;;1;;;;;
b008;b008nb23;win11_pro_p16_tischler_vermesser;3c:18:a0:22:fd:5f;10.20.18.111;;;;classroom-studentcomputer;;1;;;;;
b008;b008nb24;win11_pro_p16_tischler_vermesser;3c:18:a0:22:fc:f0;10.20.18.112;;;;classroom-studentcomputer;;1;;;;;
b016;b016nb01wlan;t580_bau;28:A4:4A:E6:67:75;10.20.17.25;;;;iponly;;0;;;;;
b016;b016nb02wlan;t580_bau;28:A4:4A:E6:A2:E9;10.20.17.26;;;;iponly;;0;;;;;
b016;b016nb03wlan;t580_bau;28:A4:4A:E6:6A:45;10.20.17.27;;;;iponly;;0;;;;;
b016;b016nb04wlan;t580_bau;28:A4:4A:E6:66:CB;10.20.17.28;;;;iponly;;0;;;;;
b016;b016nb05wlan;t580_bau;28:A4:4A:E6:C4:D1;10.20.17.29;;;;iponly;;0;;;;;
b016;b016nb06wlan;t580_bau;28:A4:4A:E6:A0:69;10.20.17.30;;;;iponly;;0;;;;;
b016;b016nb07wlan;t580_bau;28:A4:4A:E2:2A:CA;10.20.17.31;;;;iponly;;0;;;;;
b016;b016nb08wlan;t580_bau;28:A4:4A:E6:69:3C;10.20.17.32;;;;iponly;;0;;;;;
b016;b016nb09wlan;t580_bau;28:A4:4A:E6:5F:AA;10.20.17.33;;;;iponly;;0;;;;;
b016;b016nb10wlan;t580_bau;90:10:57:82:5A:DC;10.20.17.34;;;;iponly;;0;;;;;
b016;b016nb11wlan;t580_bau;28:A4:4A:E6:5A:FF;10.20.17.35;;;;iponly;;0;;;;;
b016;b016nb12wlan;t580_bau;28:A4:4A:E6:C4:2C;10.20.17.36;;;;iponly;;0;;;;;
b016;b016nb13wlan;t580_bau;90:10:57:85:2C:44;10.20.17.37;;;;iponly;;0;;;;;
b016;b016nb14wlan;t580_bau;28:A4:4A:E6:5F:B9;10.20.17.38;;;;iponly;;0;;;;;
b016;b016nb15wlan;t580_bau;90:10:57:83:2F:5C;10.20.17.39;;;;iponly;;0;;;;;
b016;b016nb16wlan;t580_bau;90:10:57:82:BE:3C;10.20.17.40;;;;iponly;;0;;;;;
b016;b016nb17wlan;t580_bau;28:A4:4A:E6:9E:ED;10.20.17.41;;;;iponly;;0;;;;;
b016;b016nb18wlan;t580_bau;28:A4:4A:E6:5A:F5;10.20.17.42;;;;iponly;;0;;;;;
b016;b016nb19wlan;t580_bau;90:10:57:83:31:4B;10.20.17.43;;;;iponly;;0;;;;;
b016;b016nb20wlan;win11_pro_p16_bau_steinmetze;90:10:57:83:2F:34;10.20.17.44;;;;iponly;;0;;;;;
c019;c019nb01wlan;t580_tischler;28:A4:4A:E2:2B:97;10.20.16.75;;;;iponly;;0;;;;;
c019;c019nb02wlan;t580_tischler;90:10:57:82:7C:83;10.20.17.77;;;;iponly;;0;;;;;
c019;c019nb03wlan;t580_tischler;28:A4:4A:E2:2A:C5;10.20.17.78;;;;iponly;;0;;;;;
c019;c019nb04wlan;t580_tischler;28:A4:4A:E6:5B:1D;10.20.17.79;;;;iponly;;0;;;;;
c019;c019nb05wlan;t580_tischler;28:A4:4A:E6:62:4D;10.20.16.73;;;;iponly;;0;;;;;
c019;c019nb06wlan;t580_tischler;28:A4:4A:E6:67:A7;10.20.17.80;;;;iponly;;0;;;;;
c019;c019nb07wlan;t580_tischler;28:A4:4A:E6:C4:A9;10.20.17.81;;;;iponly;;0;;;;;
c019;c019nb08wlan;t580_tischler;28:A4:4A:E6:62:2A;10.20.17.82;;;;iponly;;0;;;;;
c019;c019nb09wlan;t580_tischler;90:10:57:83:2F:52;10.20.17.83;;;;iponly;;0;;;;;
c019;c019nb10wlan;t580_tischler;28:A4:4A:E6:5B:81;10.20.17.84;;;;iponly;;0;;;;;
c019;c019nb11wlan;t580_tischler;90:10:57:85:2C:9E;10.20.17.85;;;;iponly;;0;;;;;
c019;c019nb12wlan;t580_tischler;28:A4:4A:E6:C4:95;10.20.17.91;;;;iponly;;0;;;;;
c019;c019nb13wlan;t580_tischler;28:A4:4A:E6:5B:22;10.20.16.74;;;;iponly;;0;;;;;
c019;c019nb14wlan;win11_pro_p16_tischler_vermesser;28:A4:4A:E2:2A:ED;10.20.26.1;;;;iponly;;0;;;;;
c019;c019nb15wlan;t580_tischler;90:10:57:83:2F:66;10.20.16.82;;;;iponly;;0;;;;;
c019;c019nb16wlan;t580_tischler;90:10:57:82:52:4E;10.20.17.92;;;;iponly;;0;;;;;
c019;c019nb17wlan;t580_tischler;28:A4:4A:E6:A0:55;10.20.17.86;;;;iponly;;0;;;;;
c019;c019nb18wlan;t580_tischler;28:A4:4A:E6:5B:13;10.20.26.2;;;;iponly;;0;;;;;
c019;c019nb19wlan;t580_tischler;90:10:57:83:2F:ED;10.20.17.87;;;;iponly;;0;;;;;
c019;c019nb20wlan;t580_tischler;90:10:57:85:2C:71;10.20.17.93;;;;iponly;;0;;;;;
c019;c019nb21wlan;t580_tischler;28:A4:4A:E2:2A:E8;10.20.17.94;;;;iponly;;0;;;;;
c019;c019nb22wlan;t580_tischler;28:A4:4A:E6:66:EE;10.20.17.88;;;;iponly;;0;;;;;
c019;c019nb23wlan;t580_tischler;28:A4:4A:E6:62:2F;10.20.17.95;;;;iponly;;0;;;;;
c019;c019nb24wlan;t580_tischler;28:A4:4A:E6:A3:CF;10.20.17.89;;;;iponly;;0;;;;;
c019;c019nb25wlan;t580_tischler;28:A4:4A:E2:29:62;10.20.17.90;;;;iponly;;0;;;;;
c018;c018nb01wlan;win11_pro_p16_tischler_vermesser;28:A4:4A:E6:6A:36;10.20.17.123;;;;iponly;;0;;;;;
c018;c018nb02wlan;t580_tischler;28:A4:4A:E6:67:07;10.20.17.134;;;;iponly;;0;;;;;
c018;c018nb03wlan;t580_tischler;28:A4:4A:E6:62:9D;10.20.17.141;;;;iponly;;0;;;;;
c018;c018nb04wlan;t580_tischler;90:10:57:83:31:41;10.20.17.147;;;;iponly;;0;;;;;
c018;c018nb05wlan;t580_tischler;28:A4:4A:E6:A0:37;10.20.17.142;;;;iponly;;0;;;;;
c018;c018nb06wlan;t580_tischler;28:A4:4A:E6:A2:CB;10.20.17.143;;;;iponly;;0;;;;;
c018;c018nb07wlan;t580_tischler;28:A4:4A:E6:68:CE;10.20.17.144;;;;iponly;;0;;;;;
c018;c018nb08wlan;t580_tischler;28:A4:4A:E6:AA:A0;10.20.17.145;;;;iponly;;0;;;;;
c018;c018nb09wlan;t580_tischler;28:A4:4A:E2:2A:70;10.20.17.146;;;;iponly;;0;;;;;
c018;c018nb10wlan;t580_tischler;28:A4:4A:E6:A2:C6;10.20.17.124;;;;iponly;;0;;;;;
c018;c018nb11wlan;t580_tischler;28:A4:4A:E6:67:2F;10.20.17.125;;;;iponly;;0;;;;;
c018;c018nb12wlan;t580_tischler;28:A4:4A:E6:68:C4;10.20.17.126;;;;iponly;;0;;;;;
c018;c018nb13wlan;t580_tischler;28:A4:4A:E6:65:B3;10.20.17.127;;;;iponly;;0;;;;;
c018;c018nb14wlan;t580_tischler;28:A4:4A:E6:A2:F8;10.20.17.128;;;;iponly;;0;;;;;
c018;c018nb15wlan;t580_tischler;28:A4:4A:E6:A3:E8;10.20.17.129;;;;iponly;;0;;;;;
c018;c018nb16wlan;t580_tischler;28:A4:4A:E3:82:C1;10.20.17.130;;;;iponly;;0;;;;;
c018;c018nb17wlan;t580_tischler;28:A4:4A:E3:82:F8;10.20.17.131;;;;iponly;;0;;;;;
c018;c018nb18wlan;t580_tischler;90:10:57:82:BD:F1;10.20.17.132;;;;iponly;;0;;;;;
c018;c018nb19wlan;t580_tischler;90:10:57:83:31:73;10.20.17.133;;;;iponly;;0;;;;;
c018;c018nb20wlan;t580_tischler;90:10:57:85:2C:35;10.20.17.135;;;;iponly;;0;;;;;
c018;c018nb21wlan;t580_tischler;28:A4:4A:E3:82:CB;10.20.17.136;;;;iponly;;0;;;;;
c018;c018nb22wlan;t580_tischler;28:A4:4A:E6:AA:AF;10.20.17.137;;;;iponly;;0;;;;;
c018;c018nb23wlan;t580_tischler;90:10:57:82:79:C7;10.20.17.138;;;;iponly;;0;;;;;
c018;c018nb24wlan;t580_tischler;90:10:57:83:2F:F7;10.20.17.139;;;;iponly;;0;;;;;
c018;c018nb25wlan;t580_tischler;28:A4:4A:E2:29:0D;10.20.17.140;;;;iponly;;0;;;;;
b008;b008nb01wlan;win11_pro_p16_tischler_vermesser;28:A4:4A:E6:A4:6A;10.20.16.86;;;;iponly;;0;;;;;
b008;b008nb02wlan;win11_pro_p16_tischler_vermesser;28:A4:4A:E2:2B:8D;10.20.18.129;;;;iponly;;0;;;;;
b008;b008nb03wlan;win11_pro_p16_tischler_vermesser;90:10:57:81:E2:87;10.20.26.3;;;;iponly;;0;;;;;
b008;b008nb04wlan;win11_pro_p16_tischler_vermesser;28:A4:4A:E6:67:B6;10.20.26.4;;;;iponly;;0;;;;;
b008;b008nb05wlan;win11_pro_p16_tischler_vermesser;90:10:57:81:DE:9A;10.20.26.5;;;;iponly;;0;;;;;
b008;b008nb06wlan;win11_pro_p16_tischler_vermesser;28:A4:4A:E6:A4:83;10.20.26.6;;;;iponly;;0;;;;;
b008;b008nb07wlan;win11_pro_p16_tischler_vermesser;28:A4:4A:E6:62:34;10.20.26.7;;;;iponly;;0;;;;;
b008;b008nb08wlan;win11_pro_p16_tischler_vermesser;90:10:57:81:E1:92;10.20.26.8;;;;iponly;;0;;;;;
b008;b008nb09wlan;win11_pro_p16_tischler_vermesser;90:10:57:81:DA:8F;10.20.26.9;;;;iponly;;0;;;;;
b008;b008nb10wlan;win11_pro_p16_tischler_vermesser;28:A4:4A:E6:A2:D0;10.20.26.10;;;;iponly;;0;;;;;
b008;b008nb11wlan;win11_pro_p16_tischler_vermesser;28:A4:4A:E6:A2:D5;10.20.26.11;;;;iponly;;0;;;;;
b008;b008nb12wlan;win11_pro_p16_tischler_vermesser;90:10:57:82:BD:E7;10.20.18.136;;;;iponly;;0;;;;;
b008;b008nb13wlan;win11_pro_p16_tischler_vermesser;28:A4:4A:E6:C4:40;10.20.26.12;;;;iponly;;0;;;;;
b008;b008nb14wlan;win11_pro_p16_tischler_vermesser;90:10:57:82:72:CE;10.20.26.13;;;;iponly;;0;;;;;
b008;b008nb15wlan;win11_pro_p16_tischler_vermesser;90:10:57:82:79:95;10.20.18.137;;;;iponly;;0;;;;;
b008;b008nb16wlan;win11_pro_p16_tischler_vermesser;28:A4:4A:E3:82:D5;10.20.16.80;;;;iponly;;0;;;;;
b008;b008nb17wlan;win11_pro_p16_tischler_vermesser;28:A4:4A:E6:A3:E3;10.20.16.81;;;;iponly;;0;;;;;
b008;b008nb18wlan;win11_pro_p16_tischler_vermesser;28:A4:4A:E6:C4:6D;10.20.18.130;;;;iponly;;0;;;;;
b008;b008nb19wlan;win11_pro_p16_tischler_vermesser;28:A4:4A:E6:9F:AB;10.20.18.131;;;;iponly;;0;;;;;
b008;b008nb20wlan;win11_pro_p16_tischler_vermesser;90:10:57:82:60:8B;10.20.18.132;;;;iponly;;0;;;;;
b008;b008nb21wlan;win11_pro_p16_tischler_vermesser;28:A4:4A:E6:60:04;10.20.18.133;;;;iponly;;0;;;;;
b008;b008nb22wlan;win11_pro_p16_tischler_vermesser;28:A4:4A:E6:5B:86;10.20.16.79;;;;iponly;;0;;;;;
b008;b008nb23wlan;win11_pro_p16_tischler_vermesser;90:10:57:82:78:8C;10.20.18.134;;;;iponly;;0;;;;;
b008;b008nb24wlan;win11_pro_p16_tischler_vermesser;28:A4:4A:E2:2B:CE;10.20.18.135;;;;iponly;;0;;;;;
c118;c118nb10wlan;t590_gestalter;90:10:57:83:30:1F;10.20.18.223;;;;iponly;;0;;;;;
c118;c118nb11wlan;t590_gestalter;28:A4:4A:E6:9F:FB;10.20.19.166;;;;iponly;;0;;;;;
c118;c118nb12wlan;t590_gestalter;28:A4:4A:E2:2B:D3;10.20.19.167;;;;iponly;;0;;;;;
c118;c118nb13wlan;t590_gestalter;28:A4:4A:E6:A2:E4;10.20.19.168;;;;iponly;;0;;;;;
c118;c118nb14wlan;t590_gestalter;28:A4:4A:E6:9E:C0;10.20.19.169;;;;iponly;;0;;;;;
c118;c118nb15wlan;t590_gestalter;28:A4:4A:E6:AA:82;10.20.19.170;;;;iponly;;0;;;;;
c118;c118nb16wlan;t590_gestalter;90:10:57:82:60:86;10.20.19.171;;;;iponly;;0;;;;;
c118;c118nb17wlan;t590_gestalter;90:10:57:82:9A:06;10.20.19.172;;;;iponly;;0;;;;;
c118;c118nb18wlan;t590_gestalter;90:10:57:82:79:4F;10.20.19.173;;;;iponly;;0;;;;;
c118;c118nb19wlan;t590_gestalter;28:A4:4A:E6:5A:96;10.20.19.174;;;;iponly;;0;;;;;
c118;c118nb20wlan;t590_gestalter;28:A4:4A:E6:A3:75;10.20.18.199;;;;iponly;;0;;;;;
c118;c118nb21wlan;t590_gestalter;28:A4:4A:E6:A0:50;10.20.19.175;;;;iponly;;0;;;;;
c118;c118nb22wlan;t590_gestalter;90:10:57:82:99:E8;10.20.19.176;;;;iponly;;0;;;;;
c118;c118nb23wlan;t590_gestalter;28:A4:4A:E2:2B:74;10.20.19.177;;;;iponly;;0;;;;;
c118;c118nb24wlan;t590_gestalter;90:10:57:82:14:91;10.20.16.87;;;;iponly;;0;;;;;
c118;c118nb25wlan;t590_gestalter;28:A4:4A:E6:67:61;10.20.19.178;;;;iponly;;0;;;;;
c118;c118nb26wlan;t590_gestalter;28:A4:4A:E6:A2:EE;10.20.19.179;;;;iponly;;0;;;;;
c118;c118nb27wlan;t590_gestalter;28:A4:4A:E6:A0:32;10.20.19.180;;;;iponly;;0;;;;;
c118;c118nb28wlan;t590_gestalter;90:10:57:82:14:4B;10.20.19.181;;;;iponly;;0;;;;;
c118;c118nb29wlan;t590_gestalter;28:A4:4A:E6:A0:6E;10.20.19.182;;;;iponly;;0;;;;;
b111;b111nb01wlan;t580_zahntechnik;28:A4:4A:E6:A3:4D;10.20.20.197;;;;iponly;;0;;;;;
b111;b111nb02wlan;t580_zahntechnik;28:A4:4A:E6:61:FD;10.20.20.198;;;;iponly;;0;;;;;
b111;b111nb03wlan;t580_zahntechnik;90:10:57:81:DF:8A;10.20.20.199;;;;iponly;;0;;;;;
b111;b111nb04wlan;t580_zahntechnik;28:A4:4A:E6:9F:C4;10.20.20.200;;;;iponly;;0;;;;;
b111;b111nb05wlan;t580_zahntechnik;28:A4:4A:E2:2B:BF;10.20.20.201;;;;iponly;;0;;;;;
b111;b111nb06wlan;t580_zahntechnik;28:A4:4A:E6:C4:BD;10.20.20.202;;;;iponly;;0;;;;;
b111;b111nb07wlan;t580_zahntechnik;28:A4:4A:E2:2B:6A;10.20.20.203;;;;iponly;;0;;;;;
b111;b111nb08wlan;t580_zahntechnik;28:A4:4A:E2:29:7B;10.20.20.204;;;;iponly;;0;;;;;
b111;b111nb09wlan;t580_zahntechnik;28:A4:4A:E6:A4:74;10.20.20.205;;;;iponly;;0;;;;;
b111;b111nb10wlan;t580_zahntechnik;28:A4:4A:E6:69:23;10.20.20.206;;;;iponly;;0;;;;;
b111;b111nb11wlan;t580_zahntechnik;28:A4:4A:E6:5B:77;10.20.20.207;;;;iponly;;0;;;;;
b111;b111nb12wlan;t580_zahntechnik;28:A4:4A:E6:67:16;10.20.20.208;;;;iponly;;0;;;;;
b111;b111nb13wlan;t580_zahntechnik;90:10:57:82:78:78;10.20.20.209;;;;iponly;;0;;;;;
b111;b111nb14wlan;t580_zahntechnik;90:10:57:85:2C:B7;10.20.20.210;;;;iponly;;0;;;;;
b111;b111nb15wlan;t580_zahntechnik;28:A4:4A:E6:A3:D4;10.20.20.211;;;;iponly;;0;;;;;
b111;b111nb16wlan;t580_zahntechnik;28:A4:4A:E2:2A:D9;10.20.20.212;;;;iponly;;0;;;;;
b111;b111nb17wlan;t580_zahntechnik;28:A4:4A:E3:82:E9;10.20.20.213;;;;iponly;;0;;;;;
b111;b111nb18wlan;t580_zahntechnik;28:A4:4A:E6:67:34;10.20.20.214;;;;iponly;;0;;;;;
b111;b111nb19wlan;t580_zahntechnik;90:10:57:83:2F:43;10.20.20.215;;;;iponly;;0;;;;;
b111;b111nb20wlan;t580_zahntechnik;28:A4:4A:E6:A3:7F;10.20.20.216;;;;iponly;;0;;;;;
b111;b111nb21wlan;t580_zahntechnik;28:A4:4A:E6:A3:52;10.20.20.217;;;;iponly;;0;;;;;
b111;b111nb22wlan;t580_zahntechnik;90:10:57:82:BE:19;10.20.20.218;;;;iponly;;0;;;;;
b111;b111nb23wlan;t580_zahntechnik;28:A4:4A:E6:AA:91;10.20.20.219;;;;iponly;;0;;;;;
b111;b111nb24wlan;t580_zahntechnik;28:A4:4A:E3:78:0D;10.20.20.220;;;;iponly;;0;;;;;
b111;b111nb25wlan;t580_zahntechnik;28:A4:4A:E2:90:BE;10.20.20.221;;;;iponly;;0;;;;;
b111;b111nb26wlan;t580_zahntechnik;90:10:57:82:35:16;10.20.20.222;;;;iponly;;0;;;;;
b110;b111nb27wlan;t580_zahntechnik;28:A4:4A:E6:A4:01;10.20.19.2;;;;iponly;;0;;;;;
b110;b111nb28wlan;t580_zahntechnik;90:10:57:82:7C:8D;10.20.16.84;;;;iponly;;0;;;;;
b110;b111nb29wlan;t580_zahntechnik;28:A4:4A:E6:A3:DE;10.20.16.83;;;;iponly;;0;;;;;
b110;b111nb30wlan;t580_zahntechnik;28:A4:4A:E6:A0:82;10.20.16.85;;;;iponly;;0;;;;;
e219;e219nb01wlan;t580_gestalter;28:A4:4A:E6:68:EC;10.20.18.232;;;;iponly;;0;;;;;
e219;e219nb02wlan;t580_gestalter;90:10:57:85:2C:A8;10.20.22.86;;;;iponly;;0;;;;;
e219;e219nb03wlan;t580_gestalter;28:A4:4A:E2:2A:F7;10.20.22.98;;;;iponly;;0;;;;;
e219;e219nb04wlan;t580_gestalter;28:A4:4A:E3:82:DA;10.20.22.87;;;;iponly;;0;;;;;
e219;e219nb05wlan;t580_gestalter;90:10:57:82:34:CB;10.20.18.224;;;;iponly;;0;;;;;
e219;e219nb06wlan;t580_gestalter;28:A4:4A:E6:A2:FD;10.20.22.88;;;;iponly;;0;;;;;
e219;e219nb07wlan;t580_gestalter;90:10:57:83:31:A0;10.20.22.89;;;;iponly;;0;;;;;
e219;e219nb08wlan;t580_gestalter;28:A4:4A:E6:A0:0F;10.20.22.90;;;;iponly;;0;;;;;
e219;e219nb09wlan;t580_gestalter;28:A4:4A:E6:A2:C1;10.20.22.91;;;;iponly;;0;;;;;
e219;e219nb10wlan;t580_gestalter;90:10:57:82:7C:79;10.20.18.233;;;;iponly;;0;;;;;
e219;e219nb11wlan;t580_gestalter;28:A4:4A:E2:2B:92;10.20.26.14;;;;iponly;;0;;;;;
e219;e219nb12wlan;t580_gestalter;28:A4:4A:E3:78:08;10.20.22.92;;;;iponly;;0;;;;;
e219;e219nb13wlan;t580_gestalter;28:A4:4A:E6:A9:FB;10.20.22.93;;;;iponly;;0;;;;;
e219;e219nb14wlan;t580_gestalter;90:10:57:82:5A:F0;10.20.22.94;;;;iponly;;0;;;;;
e219;e219nb15wlan;t580_gestalter;28:A4:4A:E6:67:11;10.20.22.95;;;;iponly;;0;;;;;
e219;e219nb16wlan;t580_gestalter;90:10:57:82:79:BD;10.20.22.96;;;;iponly;;0;;;;;
e219;e219nb17wlan;t580_gestalter;90:10:57:85:2C:85;10.20.18.231;;;;iponly;;0;;;;;
e219;e219nb18wlan;t580_gestalter;90:10:57:81:DA:CB;10.20.18.225;;;;iponly;;0;;;;;
e219;e219nb19wlan;t580_gestalter;90:10:57:85:2B:F4;10.20.26.15;;;;iponly;;0;;;;;
e219;e219nb20wlan;t580_gestalter;90:10:57:85:2C:08;10.20.22.97;;;;iponly;;0;;;;;
e215;e215nb01wlan;t580_steinmetze;28:A4:4A:E6:A3:6B;10.20.22.126;;;;iponly;;0;;;;;
e215;e215nb02wlan;t580_steinmetze;90:10:57:83:2F:39;10.20.22.127;;;;iponly;;0;;;;;
e215;e215nb03wlan;t580_steinmetze;28:A4:4A:E6:69:37;10.20.22.128;;;;iponly;;0;;;;;
e215;e215nb04wlan;t580_steinmetze;90:10:57:82:14:5F;10.20.22.129;;;;iponly;;0;;;;;
e215;e215nb05wlan;t580_steinmetze;28:A4:4A:E6:67:43;10.20.22.130;;;;iponly;;0;;;;;
e215;e215nb06wlan;t580_steinmetze;90:10:57:82:79:E0;10.20.22.131;;;;iponly;;0;;;;;
e215;e215nb07wlan;t580_steinmetze;28:A4:4A:E6:C4:77;10.20.22.132;;;;iponly;;0;;;;;
e215;e215nb08wlan;t580_steinmetze;28:A4:4A:E6:A0:73;10.20.22.133;;;;iponly;;0;;;;;
e215;e215nb09wlan;t580_steinmetze;90:10:57:83:2F:A2;10.20.22.134;;;;iponly;;0;;;;;
e215;e215nb10wlan;t580_steinmetze;28:A4:4A:E6:67:7F;10.20.22.135;;;;iponly;;0;;;;;
e215;e215nb11wlan;t580_steinmetze;90:10:57:83:2F:D9;10.20.22.144;;;;iponly;;0;;;;;
e215;e215nb12wlan;t580_steinmetze;28:A4:4A:E6:66:E9;10.20.22.136;;;;iponly;;0;;;;;
e215;e215nb13wlan;t580_steinmetze;28:A4:4A:E6:A3:66;10.20.22.137;;;;iponly;;0;;;;;
e215;e215nb14wlan;t580_steinmetze;28:A4:4A:E6:5B:18;10.20.22.138;;;;iponly;;0;;;;;
e215;e215nb15wlan;t580_steinmetze;90:10:57:83:31:6E;10.20.22.139;;;;iponly;;0;;;;;
e215;e215nb16wlan;t580_steinmetze;90:10:57:82:76:DE;10.20.22.140;;;;iponly;;0;;;;;
e215;e215nb17wlan;t580_steinmetze;28:A4:4A:E6:67:57;10.20.22.141;;;;iponly;;0;;;;;
e215;e215nb18wlan;t580_steinmetze;28:A4:4A:E2:2B:2E;10.20.22.142;;;;iponly;;0;;;;;
e215;e215nb19wlan;t580_steinmetze;90:10:57:83:31:69;10.20.20.106;;;;iponly;;0;;;;;
e215;e215nb20wlan;t580_steinmetze;90:10:57:82:76:CF;10.20.22.143;;;;iponly;;0;;;;;
e212;e212nb10wlan;t590_gestalter;28:A4:4A:E2:2B:D8;10.20.16.12;;;;iponly;;0;;;;;
e212;e212nb11wlan;t590_gestalter;90:10:57:83:2F:61;10.20.22.166;;;;iponly;;0;;;;;
e212;e212nb12wlan;t590_gestalter;28:A4:4A:E2:29:35;10.20.16.15;;;;iponly;;0;;;;;
e212;e212nb13wlan;t590_gestalter;28:A4:4A:E6:67:84;10.20.22.167;;;;iponly;;0;;;;;
e212;e212nb14wlan;t590_gestalter;28:A4:4A:E6:9F:BA;10.20.22.168;;;;iponly;;0;;;;;
e212;e212nb15wlan;t590_gestalter;28:A4:4A:E6:67:3E;10.20.16.18;;;;iponly;;0;;;;;
e212;e212nb16wlan;t590_gestalter;28:A4:4A:E6:AA:9B;10.20.22.169;;;;iponly;;0;;;;;
e212;e212nb17wlan;t590_gestalter;90:10:57:83:31:5A;10.20.22.170;;;;iponly;;0;;;;;
e212;e212nb18wlan;t590_gestalter;28:A4:4A:E6:C4:B3;10.20.22.171;;;;iponly;;0;;;;;
e212;e212nb19wlan;t590_gestalter;28:A4:4A:E6:A4:7E;10.20.16.13;;;;iponly;;0;;;;;
e212;e212nb20wlan;t590_gestalter;28:A4:4A:E6:67:25;10.20.16.14;;;;iponly;;0;;;;;
e212;e212nb21wlan;t590_gestalter;90:10:57:82:79:9F;10.20.16.17;;;;iponly;;0;;;;;
e212;e212nb22wlan;t590_gestalter;90:10:57:82:79:AE;10.20.22.172;;;;iponly;;0;;;;;
e212;e212nb23wlan;t590_gestalter;28:A4:4A:E6:A0:3C;10.20.22.173;;;;iponly;;0;;;;;
e212;e212nb24wlan;t590_gestalter;28:A4:4A:E6:67:0C;10.20.16.16;;;;iponly;;0;;;;;
e212;e212nb25wlan;t590_gestalter;28:A4:4A:E2:29:08;10.20.19.5;;;;iponly;;0;;;;;
e212;e212nb26wlan;t590_gestalter;28:A4:4A:E2:2B:DD;10.20.22.174;;;;iponly;;0;;;;;
e212;e212nb27wlan;t590_gestalter;90:10:57:85:2C:BC;10.20.19.6;;;;iponly;;0;;;;;
e212;e212nb28wlan;t590_gestalter;28:A4:4A:E3:77:F9;10.20.22.175;;;;iponly;;0;;;;;
e212;e212nb29wlan;t590_gestalter;28:A4:4A:E6:C4:CC;10.20.22.176;;;;iponly;;0;;;;;
c018;c018nb01;win11_pro_p16_tischler_vermesser;3C:18:A0:22:FD:45;10.20.17.97;;;;classroom-studentcomputer;;1;;;;;
c018;c018nb02;win11_pro_p16_tischler_vermesser;3C:18:A0:22:F7:EB;10.20.17.98;;;;classroom-studentcomputer;;1;;;;;
c018;c018nb03;win11_pro_p16_tischler_vermesser;3C:18:A0:22:F7:62;10.20.17.99;;;;classroom-studentcomputer;;1;;;;;
c018;c018nb04;win11_pro_p16_tischler_vermesser;3C:18:A0:22:FA:CF;10.20.17.100;;;;classroom-studentcomputer;;1;;;;;
c018;c018nb05;win11_pro_p16_tischler_vermesser;3C:18:A0:22:F7:41;10.20.17.101;;;;classroom-studentcomputer;;1;;;;;
c018;c018nb06;win11_pro_p16_tischler_vermesser;3C:18:A0:22:F4:FC;10.20.17.102;;;;classroom-studentcomputer;;1;;;;;
c018;c018nb07;win11_pro_p16_tischler_vermesser;3C:18:A0:22:FD:34;10.20.17.103;;;;classroom-studentcomputer;;1;;;;;
c018;c018nb08;win11_pro_p16_tischler_vermesser;3c:18:a0:22:f7:d0;10.20.17.104;;;;classroom-studentcomputer;;1;;;;;
c018;c018nb09;win11_pro_p16_tischler_vermesser;3c:18:a0:22:f7:dd;10.20.17.105;;;;classroom-studentcomputer;;1;;;;;
c018;c018nb10;win11_pro_p16_tischler_vermesser;3c:18:a0:22:fc:fa;10.20.17.106;;;;classroom-studentcomputer;;1;;;;;
c018;c018nb11;win11_pro_p16_tischler_vermesser;3c:18:a0:22:f7:f0;10.20.17.107;;;;classroom-studentcomputer;;1;;;;;
c018;c018nb12;win11_pro_p16_tischler_vermesser;3c:18:a0:22:fd:07;10.20.17.108;;;;classroom-studentcomputer;;1;;;;;
c018;c018nb13;win11_pro_p16_tischler_vermesser;3c:18:a0:22:fd:19;10.20.17.109;;;;classroom-studentcomputer;;1;;;;;
c018;c018nb14;win11_pro_p16_tischler_vermesser;3c:18:a0:22:fd:22;10.20.17.110;;;;classroom-studentcomputer;;1;;;;;
c018;c018nb15;win11_pro_p16_tischler_vermesser;3c:18:a0:22:f7:3f;10.20.17.111;;;;classroom-studentcomputer;;1;;;;;
c018;c018nb16;win11_pro_p16_tischler_vermesser;3c:18:a0:22:ef:92;10.20.17.112;;;;classroom-studentcomputer;;1;;;;;
c018;c018nb17;win11_pro_p16_tischler_vermesser;3c:18:a0:22:f7:f3;10.20.17.113;;;;classroom-studentcomputer;;1;;;;;
c018;c018nb18;win11_pro_p16_tischler_vermesser;3c:18:a0:22:f7:f7;10.20.17.114;;;;classroom-studentcomputer;;1;;;;;
c018;c018nb19;win11_pro_p16_tischler_vermesser;3c:18:a0:22:f7:cf;10.20.17.115;;;;classroom-studentcomputer;;1;;;;;
c018;c018nb20;win11_pro_p16_tischler_vermesser;3c:18:a0:22:ef:7a;10.20.17.116;;;;classroom-studentcomputer;;1;;;;;
c018;c018nb21;win11_pro_p16_tischler_vermesser;3c:18:a0:22:fd:10;10.20.17.117;;;;classroom-studentcomputer;;1;;;;;
c018;c018nb22;win11_pro_p16_tischler_vermesser;3c:18:a0:22:f7:c6;10.20.17.118;;;;classroom-studentcomputer;;1;;;;;
c018;c018nb23;win11_pro_p16_tischler_vermesser;3c:18:a0:22:f7:db;10.20.17.119;;;;classroom-studentcomputer;;1;;;;;
c018;c018nb24;win11_pro_p16_tischler_vermesser;3c:18:a0:22:f7:4d;10.20.17.120;;;;classroom-studentcomputer;;1;;;;;
c018;c018nb25;win11_pro_p16_tischler_vermesser;3c:18:a0:22:fd:18;10.20.17.121;;;;classroom-studentcomputer;;1;;;;;
c019;c019nb05;win11_pro_p16_tischler_vermesser;3C:18:A0:22:F7:ED;10.20.17.52;;;;classroom-studentcomputer;;1;;;;;
c019;c019nb06;win11_pro_p16_tischler_vermesser;3C:18:A0:22:F7:66;10.20.17.53;;;;classroom-studentcomputer;;1;;;;;
c019;c019nb07;win11_pro_p16_tischler_vermesser;3C:18:A0:22:F7:E2;10.20.17.54;;;;classroom-studentcomputer;;1;;;;;
c019;c019nb08;win11_pro_p16_tischler_vermesser;3C:18:A0:22:FC:EE;10.20.17.55;;;;classroom-studentcomputer;;1;;;;;
c019;c019nb09;win11_pro_p16_tischler_vermesser;3C:18:A0:22:FD:5E;10.20.17.56;;;;classroom-studentcomputer;;1;;;;;
c019;c019nb10;win11_pro_p16_tischler_vermesser;3C:18:A0:22:F7:51;10.20.17.57;;;;classroom-studentcomputer;;1;;;;;
c019;c019nb11;win11_pro_p16_tischler_vermesser;3C:18:A0:22:EF:85;10.20.17.58;;;;classroom-studentcomputer;;1;;;;;
c019;c019nb12;win11_pro_p16_tischler_vermesser;3C:18:A0:22:EF:90;10.20.17.59;;;;classroom-studentcomputer;;1;;;;;
c019;c019nb13;win11_pro_p16_tischler_vermesser;3C:18:A0:22:F5:07;10.20.17.60;;;;classroom-studentcomputer;;1;;;;;
c019;c019nb14;win11_pro_p16_tischler_vermesser;3C:18:A0:22:f7:4e;10.20.17.61;;;;classroom-studentcomputer;;1;;;;;
c019;c019nb15;win11_pro_p16_tischler_vermesser;3C:18:A0:22:EF:89;10.20.17.62;;;;classroom-studentcomputer;;1;;;;;
c019;c019nb16;win11_pro_p16_tischler_vermesser;3C:18:A0:22:FD:54;10.20.17.63;;;;classroom-studentcomputer;;1;;;;;
c019;c019nb17;win11_pro_p16_tischler_vermesser;3C:18:A0:22:F7:68;10.20.17.64;;;;classroom-studentcomputer;;1;;;;;
c019;c019nb18;win11_pro_p16_tischler_vermesser;3C:18:A0:22:FD:31;10.20.17.65;;;;classroom-studentcomputer;;1;;;;;
c019;c019nb19;win11_pro_p16_tischler_vermesser;3C:18:A0:22:FC:E9;10.20.17.66;;;;classroom-studentcomputer;;1;;;;;
c019;c019nb20;win11_pro_p16_tischler_vermesser;3C:18:A0:22:FD:3B;10.20.17.67;;;;classroom-studentcomputer;;1;;;;;
c019;c019nb21;win11_pro_p16_tischler_vermesser;3C:18:A0:22:EF:69;10.20.17.68;;;;classroom-studentcomputer;;1;;;;;
c019;c019nb22;win11_pro_p16_tischler_vermesser;3C:18:A0:22:F7:6B;10.20.17.69;;;;classroom-studentcomputer;;1;;;;;
c019;c019nb23;win11_pro_p16_tischler_vermesser;3C:18:A0:22:FD:49;10.20.17.70;;;;classroom-studentcomputer;;1;;;;;
c019;c019nb24;win11_pro_p16_tischler_vermesser;3C:18:A0:22:F4:F5;10.20.17.71;;;;classroom-studentcomputer;;1;;;;;
c019;c019nb25;win11_pro_p16_tischler_vermesser;3C:18:A0:22:F7:6F;10.20.17.72;;;;classroom-studentcomputer;;1;;;;;
c019;c019nb01;win11_pro_p16_tischler_vermesser;3C:18:A0:25:11:55;10.20.17.48;;;;classroom-studentcomputer;;1;;;;;
c019;c019nb02;win11_pro_p16_tischler_vermesser;3C:18:A0:25:27:f7;10.20.17.49;;;;classroom-studentcomputer;;1;;;;;
c019;c019nb03;win11_pro_p16_tischler_vermesser;3C:18:A0:25:28:46;10.20.17.50;;;;classroom-studentcomputer;;1;;;;;
c019;c019nb04;win11_pro_p16_tischler_vermesser;3C:18:A0:22:F5:05;10.20.17.51;;;;classroom-studentcomputer;;1;;;;;
c118;c118nb10;win11_pro_p16_gestalter;3c:18:a0:22:F7:DC;10.20.19.146;;;;classroom-studentcomputer;;1;;;;;
c118;c118nb11;win11_pro_p16_gestalter;3c:18:a0:22:fd:04;10.20.19.147;;;;classroom-studentcomputer;;1;;;;;
c118;c118nb12;win11_pro_p16_gestalter;3c:18:a0:22:f7:e4;10.20.19.148;;;;classroom-studentcomputer;;1;;;;;
c118;c118nb13;win11_pro_p16_gestalter;3c:18:a0:22:f7:50;10.20.19.149;;;;classroom-studentcomputer;;1;;;;;
c118;c118nb14;win11_pro_p16_gestalter;3c:18:a0:22:f7:5f;10.20.19.150;;;;classroom-studentcomputer;;1;;;;;
c118;c118nb15;win11_pro_p16_gestalter;3c:18:a0:22:fd:01;10.20.19.151;;;;classroom-studentcomputer;;1;;;;;
c118;c118nb16;win11_pro_p16_gestalter;3c:18:a0:22:f7:58;10.20.19.152;;;;classroom-studentcomputer;;1;;;;;
c118;c118nb17;win11_pro_p16_gestalter;3c:18:a0:22:f7:e1;10.20.19.153;;;;classroom-studentcomputer;;1;;;;;
c118;c118nb18;win11_pro_p16_gestalter;3c:18:a0:22:f7:6a;10.20.19.154;;;;classroom-studentcomputer;;1;;;;;
c118;c118nb19;win11_pro_p16_gestalter;3c:18:a0:22:f7:ec;10.20.19.155;;;;classroom-studentcomputer;;1;;;;;
c118;c118nb20;win11_pro_p16_gestalter;3c:18:a0:22:f7:6d;10.20.19.156;;;;classroom-studentcomputer;;1;;;;;
c118;c118nb21;win11_pro_p16_gestalter;3c:18:a0:22:f7:e0;10.20.19.157;;;;classroom-studentcomputer;;1;;;;;
c118;c118nb22;win11_pro_p16_gestalter;3c:18:a0:23:04:4c;10.20.19.158;;;;classroom-studentcomputer;;1;;;;;
c118;c118nb23;win11_pro_p16_gestalter;3c:18:a0:23:04:47;10.20.19.159;;;;classroom-studentcomputer;;1;;;;;
c118;c118nb24;win11_pro_p16_gestalter;3c:18:a0:22:fd:15;10.20.19.160;;;;classroom-studentcomputer;;1;;;;;
c118;c118nb25;win11_pro_p16_gestalter;3c:18:a0:22:fd:60;10.20.19.161;;;;classroom-studentcomputer;;1;;;;;
c118;c118nb26;win11_pro_p16_gestalter;3c:18:a0:22:fc:fc;10.20.19.162;;;;classroom-studentcomputer;;1;;;;;
c118;c118nb27;win11_pro_p16_gestalter;3c:18:a0:22:f4:ea;10.20.19.163;;;;classroom-studentcomputer;;1;;;;;
c118;c118nb28;win11_pro_p16_gestalter;3C:18:A0:22:f4:f9;10.20.19.164;;;;classroom-studentcomputer;;1;;;;;
c118;c118nb29;win11_pro_p16_gestalter;3C:18:A0:22:fd:2c;10.20.19.165;;;;classroom-studentcomputer;;1;;;;;
e212;e212nb10;win11_pro_p16_gestalter;3C:18:A0:22:FD:00;10.20.22.146;;;;classroom-studentcomputer;;1;;;;;
e212;e212nb11;win11_pro_p16_gestalter;3C:18:A0:22:EF:8D;10.20.22.147;;;;classroom-studentcomputer;;1;;;;;
e212;e212nb12;win11_pro_p16_gestalter;3C:18:A0:22:F7:59;10.20.22.148;;;;classroom-studentcomputer;;1;;;;;
e212;e212nb13;win11_pro_p16_gestalter;3C:18:A0:22:FD:23;10.20.22.149;;;;classroom-studentcomputer;;1;;;;;
e212;e212nb14;win11_pro_p16_gestalter;3C:18:A0:22:FD:52;10.20.22.150;;;;classroom-studentcomputer;;1;;;;;
e212;e212nb15;win11_pro_p16_gestalter;3C:18:A0:22:EF:84;10.20.22.151;;;;classroom-studentcomputer;;1;;;;;
e212;e212nb16;win11_pro_p16_gestalter;3C:18:A0:22:FA:D2;10.20.22.152;;;;classroom-studentcomputer;;1;;;;;
e212;e212nb17;win11_pro_p16_gestalter;3C:18:A0:22:F7:D3;10.20.22.153;;;;classroom-studentcomputer;;1;;;;;
e212;e212nb18;win11_pro_p16_gestalter;3C:18:A0:22:F7:56;10.20.22.154;;;;classroom-studentcomputer;;1;;;;;
e212;e212nb19;win11_pro_p16_gestalter;3C:18:A0:22:EF:82;10.20.22.155;;;;classroom-studentcomputer;;1;;;;;
e212;e212nb20;win11_pro_p16_gestalter;3C:18:A0:22:FD:43;10.20.22.156;;;;classroom-studentcomputer;;1;;;;;
e212;e212nb21;win11_pro_p16_gestalter;3C:18:A0:22:F7:69;10.20.22.157;;;;classroom-studentcomputer;;1;;;;;
e212;e212nb22;win11_pro_p16_gestalter;3C:18:A0:22:F7:F4;10.20.22.158;;;;classroom-studentcomputer;;1;;;;;
e212;e212nb23;win11_pro_p16_gestalter;3C:18:A0:22:FC:FF;10.20.22.159;;;;classroom-studentcomputer;;1;;;;;
e212;e212nb24;win11_pro_p16_gestalter;3C:18:A0:22:FD:4F;10.20.22.160;;;;classroom-studentcomputer;;1;;;;;
e212;e212nb25;win11_pro_p16_gestalter;3C:18:A0:22:FD:02;10.20.22.161;;;;classroom-studentcomputer;;1;;;;;
e212;e212nb26;win11_pro_p16_gestalter;3C:18:A0:22:F5:02;10.20.22.162;;;;classroom-studentcomputer;;1;;;;;
e212;e212nb27;win11_pro_p16_gestalter;3C:18:A0:22:F7:F6;10.20.22.163;;;;classroom-studentcomputer;;1;;;;;
e212;e212nb28;win11_pro_p16_gestalter;3C:18:A0:22:F7:38;10.20.22.164;;;;classroom-studentcomputer;;1;;;;;
e212;e212nb29;win11_pro_p16_gestalter;3C:18:A0:22:EF:7D;10.20.22.165;;;;classroom-studentcomputer;;1;;;;;
e219;e219nb01;win11_pro_p16_gestalter;3C:18:A0:22:FA:C5;10.20.22.66;;;;classroom-studentcomputer;;1;;;;;
e219;e219nb02;win11_pro_p16_gestalter;3C:18:A0:22:F7:3E;10.20.22.67;;;;classroom-studentcomputer;;1;;;;;
e219;e219nb03;win11_pro_p16_gestalter;3C:18:A0:22:FD:29;10.20.22.68;;;;classroom-studentcomputer;;1;;;;;
e219;e219nb04;win11_pro_p16_gestalter;3C:18:A0:22:F7:4B;10.20.22.69;;;;classroom-studentcomputer;;1;;;;;
e219;e219nb05;win11_pro_p16_gestalter;3C:18:A0:22:FD:41;10.20.22.70;;;;classroom-studentcomputer;;1;;;;;
e219;e219nb06;win11_pro_p16_gestalter;3C:18:A0:22:F7:35;10.20.22.71;;;;classroom-studentcomputer;;1;;;;;
e219;e219nb07;win11_pro_p16_gestalter;3C:18:A0:22:FD:5C;10.20.22.72;;;;classroom-studentcomputer;;1;;;;;
e219;e219nb08;win11_pro_p16_gestalter;3C:18:A0:22:FD:05;10.20.22.73;;;;classroom-studentcomputer;;1;;;;;
e219;e219nb09;win11_pro_p16_gestalter;3C:18:A0:22:FD:2F;10.20.22.74;;;;classroom-studentcomputer;;1;;;;;
e219;e219nb10;win11_pro_p16_gestalter;3C:18:A0:22:FA:C6;10.20.22.75;;;;classroom-studentcomputer;;1;;;;;
e219;e219nb11;win11_pro_p16_gestalter;3C:18:A0:22:FD:06;10.20.22.76;;;;classroom-studentcomputer;;1;;;;;
e219;e219nb12;win11_pro_p16_gestalter;3C:18:A0:22:F7:3A;10.20.22.77;;;;classroom-studentcomputer;;1;;;;;
e219;e219nb13;win11_pro_p16_gestalter;3C:18:A0:23:A8:8A;10.20.22.78;;;;classroom-studentcomputer;;1;;;;;
e219;e219nb14;win11_pro_p16_gestalter;3C:18:A0:23:A8:88;10.20.22.79;;;;classroom-studentcomputer;;1;;;;;
e219;e219nb15;win11_pro_p16_gestalter;3C:18:A0:23:A8:B9;10.20.22.80;;;;classroom-studentcomputer;;1;;;;;
e219;e219nb16;win11_pro_p16_gestalter;3C:18:A0:23:A8:B8;10.20.22.81;;;;classroom-studentcomputer;;1;;;;;
e219;e219nb17;win11_pro_p16_gestalter;3C:18:A0:23:A8:A8;10.20.22.82;;;;classroom-studentcomputer;;1;;;;;
e219;e219nb18;win11_pro_p16_gestalter;3C:18:A0:23:A8:F4;10.20.22.83;;;;classroom-studentcomputer;;1;;;;;
e219;e219nb19;win11_pro_p16_gestalter;3C:18:A0:23:A8:F2;10.20.22.84;;;;classroom-studentcomputer;;1;;;;;
e219;e219nb20;win11_pro_p16_gestalter;3C:18:A0:23:A9:10;10.20.22.85;;;;classroom-studentcomputer;;1;;;;;
b110;b110cp04;hpe_600_zahn;2c:58:b9:12:7c:1d;10.20.25.41;;;;classroom-studentcomputer;;1;;;;;
b110;b110cp05;hpe_600_zahn;2c:58:b9:12:de:ab;10.20.25.31;;;;classroom-studentcomputer;;1;;;;;
b110;b110cp06;hpe_600_zahn;bc:0f:f3:c5:62:62;10.20.25.32;;;;classroom-studentcomputer;;1;;;;;
b110;b110cp07;hpe_600_zahn;2c:58:b9:12:de:3b;10.20.25.33;;;;classroom-studentcomputer;;1;;;;;
b110;b110cp08;hpe_600_zahn;2c:58:b9:12:da:ce;10.20.25.34;;;;classroom-studentcomputer;;1;;;;;
b110;b110cp09;hpe_600_zahn;2c:58:b9:12:de:c1;10.20.25.35;;;;classroom-studentcomputer;;1;;;;;
b110;b110cp10;hpe_600_zahn;2c:58:b9:12:db:5e;10.20.25.36;;;;classroom-studentcomputer;;1;;;;;
b110;b110cp11;hpe_600_zahn;2c:58:b9:12:df:21;10.20.25.37;;;;classroom-studentcomputer;;1;;;;;
b110;b110cp12;hpe_600_zahn;2c:58:b9:12:da:b2;10.20.25.38;;;;classroom-studentcomputer;;1;;;;;
b110;b110cp13;hpe_600_zahn;bc:0f:f3:c5:62:53;10.20.25.39;;;;classroom-studentcomputer;;1;;;;;
b110;b110cp14;hpe_600_zahn;bc:0f:f3:c5:62:f6;10.20.25.40;;;;classroom-studentcomputer;;1;;;;;
b016;b016nb01;win11_pro_p16_bau_steinmetze;3c:18:a0:22:fd:1b;10.20.17.5;;;;classroom-studentcomputer;;1;;;;;
b016;b016nb02;win11_pro_p16_bau_steinmetze;3c:18:a0:22:fd:12;10.20.17.6;;;;classroom-studentcomputer;;1;;;;;
b016;b016nb03;win11_pro_p16_bau_steinmetze;3c:18:a0:22:fd:0b;10.20.17.7;;;;classroom-studentcomputer;;1;;;;;
b016;b016nb04;win11_pro_p16_bau_steinmetze;3c:18:a0:22:f7:70;10.20.17.8;;;;classroom-studentcomputer;;1;;;;;
b016;b016nb05;win11_pro_p16_bau_steinmetze;3c:18:a0:23:04:57;10.20.17.9;;;;classroom-studentcomputer;;1;;;;;
b016;b016nb06;win11_pro_p16_bau_steinmetze;3c:18:a0:22:fd:48;10.20.17.10;;;;classroom-studentcomputer;;1;;;;;
b016;b016nb07;win11_pro_p16_bau_steinmetze;3c:18:a0:22:f7:ce;10.20.17.11;;;;classroom-studentcomputer;;1;;;;;
b016;b016nb08;win11_pro_p16_bau_steinmetze;3c:18:a0:22:fd:0f;10.20.17.12;;;;classroom-studentcomputer;;1;;;;;
b016;b016nb09;win11_pro_p16_bau_steinmetze;3c:18:a0:22:fd:4a;10.20.17.13;;;;classroom-studentcomputer;;1;;;;;
b016;b016nb10;win11_pro_p16_bau_steinmetze;3c:18:a0:22:fc:fb;10.20.17.14;;;;classroom-studentcomputer;;1;;;;;
b016;b016nb11;win11_pro_p16_bau_steinmetze;3c:18:a0:22:f7:cd;10.20.17.15;;;;classroom-studentcomputer;;1;;;;;
b016;b016nb12;win11_pro_p16_bau_steinmetze;3c:18:a0:22:ef:71;10.20.17.16;;;;classroom-studentcomputer;;1;;;;;
b016;b016nb13;win11_pro_p16_bau_steinmetze;3c:18:a0:22:fc:eb;10.20.17.17;;;;classroom-studentcomputer;;1;;;;;
b016;b016nb14;win11_pro_p16_bau_steinmetze;3c:18:a0:22:ef:8b;10.20.17.18;;;;classroom-studentcomputer;;1;;;;;
b016;b016nb15;win11_pro_p16_bau_steinmetze;3c:18:a0:22:fc:f5;10.20.17.19;;;;classroom-studentcomputer;;1;;;;;
b016;b016nb16;win11_pro_p16_bau_steinmetze;3c:18:a0:23:04:49;10.20.17.20;;;;classroom-studentcomputer;;1;;;;;
b016;b016nb17;win11_pro_p16_bau_steinmetze;3c:18:a0:22:fc:ec;10.20.17.21;;;;classroom-studentcomputer;;1;;;;;
b016;b016nb18;win11_pro_p16_bau_steinmetze;3c:18:a0:22:fd:2d;10.20.17.22;;;;classroom-studentcomputer;;1;;;;;
b016;b016nb19;win11_pro_p16_bau_steinmetze;3c:18:a0:22:f7:ea;10.20.17.23;;;;classroom-studentcomputer;;1;;;;;
b016;b016nb20;win11_pro_p16_bau_steinmetze;3c:18:a0:22:f7:e6;10.20.17.24;;;;classroom-studentcomputer;;1;;;;;
e215;e215nb01;win11_pro_p16_bau_steinmetze;3C:18:A0:23:A8:8B;10.20.22.105;;;;classroom-studentcomputer;;1;;;;;
e215;e215nb02;win11_pro_p16_bau_steinmetze;3C:18:A0:23:A9:11;10.20.22.106;;;;classroom-studentcomputer;;1;;;;;
e215;e215nb03;win11_pro_p16_bau_steinmetze;3C:18:A0:23:A8:D7;10.20.22.107;;;;classroom-studentcomputer;;1;;;;;
e215;e215nb04;win11_pro_p16_bau_steinmetze;3C:18:A0:23:A8:C3;10.20.22.108;;;;classroom-studentcomputer;;1;;;;;
e215;e215nb05;win11_pro_p16_bau_steinmetze;3C:18:A0:23:A8:B5;10.20.22.109;;;;classroom-studentcomputer;;1;;;;;
e215;e215nb06;win11_pro_p16_bau_steinmetze;3C:18:A0:23:A8:E0;10.20.22.110;;;;classroom-studentcomputer;;1;;;;;
e215;e215nb07;win11_pro_p16_bau_steinmetze;3C:18:A0:23:A8:D4;10.20.22.111;;;;classroom-studentcomputer;;1;;;;;
e215;e215nb08;win11_pro_p16_bau_steinmetze;3C:18:A0:23:A8:91;10.20.22.112;;;;classroom-studentcomputer;;1;;;;;
e215;e215nb09;win11_pro_p16_bau_steinmetze;3C:18:A0:23:A8:8E;10.20.22.113;;;;classroom-studentcomputer;;1;;;;;
e215;e215nb10;win11_pro_p16_bau_steinmetze;3C:18:A0:23:A8:CC;10.20.22.114;;;;classroom-studentcomputer;;1;;;;;
e215;e215nb11;win11_pro_p16_bau_steinmetze;3C:18:A0:23:A9:02;10.20.22.115;;;;classroom-studentcomputer;;1;;;;;
e215;e215nb12;win11_pro_p16_bau_steinmetze;3C:18:A0:23:A8:DD;10.20.22.116;;;;classroom-studentcomputer;;1;;;;;
e215;e215nb13;win11_pro_p16_bau_steinmetze;3C:18:A0:22:F7:F1;10.20.22.117;;;;classroom-studentcomputer;;1;;;;;
e215;e215nb14;win11_pro_p16_bau_steinmetze;3C:18:A0:22:FD:24;10.20.22.118;;;;classroom-studentcomputer;;1;;;;;
e215;e215nb15;win11_pro_p16_bau_steinmetze;3C:18:A0:22:FD:4D;10.20.22.119;;;;classroom-studentcomputer;;1;;;;;
e215;e215nb16;win11_pro_p16_bau_steinmetze;3C:18:A0:22:FC:F4;10.20.22.120;;;;classroom-studentcomputer;;1;;;;;
e215;e215nb17;win11_pro_p16_bau_steinmetze;3C:18:A0:22:F7:D5;10.20.22.121;;;;classroom-studentcomputer;;1;;;;;
e215;e215nb18;win11_pro_p16_bau_steinmetze;3C:18:A0:22:F7:C4;10.20.22.122;;;;classroom-studentcomputer;;1;;;;;
e215;e215nb19;win11_pro_p16_bau_steinmetze;3C:18:A0:22:EF:8E;10.20.22.123;;;;classroom-studentcomputer;;1;;;;;
e215;e215nb20;win11_pro_p16_bau_steinmetze;3C:18:A0:22:EF:86;10.20.22.124;;;;classroom-studentcomputer;;1;;;;;
e212;e212nb30;win11_pro_p16_gestalter;3C:18:A0:25:27:FB;10.20.24.14;;;;classroom-studentcomputer;;1;;;;;
e212;e212nb31;win11_pro_p16_gestalter;3C:18:A0:25:28:10;10.20.24.15;;;;classroom-studentcomputer;;1;;;;;
e212;e212nb32;win11_pro_p16_gestalter;3C:18:A0:25:28:00;10.20.24.16;;;;classroom-studentcomputer;;1;;;;;
b015;b015pr01;nopxe;6c:0b:5e:13:9c:ae;10.20.68.16;;;;printer;;0;;;;;
d103;d103lt19wlan;e16;d0:39:57:99:c7:31;10.20.22.241;;;;iponly;;0;;;;;
d103;d103lt16wlan;e16;d0:39:57:99:c0:3b;10.20.22.243;;;;iponly;;0;;;;;
a005;a005lt01wlan;e16;d0:39:57:99:c5:c3;10.20.22.245;;;;iponly;;0;;;;;
a005;a005lt02wlan;e16;d0:39:57:99:c2:85;10.20.22.246;;;;iponly;;0;;;;;
a005;a005lt03wlan;e16;d0:39:57:99:d0:73;10.20.22.247;;;;iponly;;0;;;;;
a005;a005lt04wlan;e16;d0:39:57:99:d0:15;10.20.22.248;;;;iponly;;0;;;;;
a005;a005lt05wlan;e16;d0:39:57:99:d0:13;10.20.22.249;;;;iponly;;0;;;;;
a005;a005lt06wlan;e16;d0:39:57:99:cb:91;10.20.22.250;;;;iponly;;0;;;;;
a005;a005lt07wlan;e16;d0:39:57:99:c5:9b;10.20.22.251;;;;iponly;;0;;;;;
a005;a005lt08wlan;e16;d0:39:57:99:cd:39;10.20.22.252;;;;iponly;;0;;;;;
a005;a005lt09wlan;e16;d0:39:57:99:c2:87;10.20.22.253;;;;iponly;;0;;;;;
a005;a005lt10wlan;e16;d0:39:57:99:c6:db;10.20.22.254;;;;iponly;;0;;;;;
a005;a005lt14wlan;e16;d0:39:57:99:c5:97;10.20.24.104;;;;iponly;;0;;;;;
a005;a005lt16wlan;e16;e4:60:17:4c:45:0f;10.20.24.100;;;;iponly;;0;;;;;
a005;a005lt17wlan;e16;e4:60:17:4c:37:a9;10.20.24.101;;;;iponly;;0;;;;;
a005;a005lt18wlan;e16;d0:39:57:99:bb:0d;10.20.24.102;;;;iponly;;0;;;;;
a005;a005lt20wlan;e16;d0:39:57:99:d0:6f;10.20.24.103;;;;iponly;;0;;;;;
e115;e115lt18wlan;e16;d0:39:57:99:c0:19;10.20.24.105;;;;iponly;;0;;;;;
e115;e115lt05wlan;e16;d0:39:57:99:c7:4d;10.20.24.106;;;;iponly;;0;;;;;
e009;e009lt01wlan;e16;d0:39:57:99:bf:c3;10.20.24.107;;;;iponly;;0;;;;;
e009;e009lt03wlan;e16;d0:39:57:99:c0:21;10.20.24.108;;;;iponly;;0;;;;;
e009;e009lt05wlan;e16;d0:39:57:99:c0:7d;10.20.24.109;;;;iponly;;0;;;;;
e009;e009lt08wlan;e16;d0:39:57:99:c6:0d;10.20.24.110;;;;iponly;;0;;;;;
e009;e009lt09wlan;e16;d0:39:57:99:c5:ff;10.20.24.111;;;;iponly;;0;;;;;
e009;e009lt10wlan;e16;e4:60:17:4c:38:44;10.20.24.112;;;;iponly;;0;;;;;
a203;a203lt02wlan;e595;b0:68:e6:4d:32:09;10.20.24.113;;;;iponly;;0;;;;;
a203;a203lt06wlan;e595;b0:68:e6:4d:32:e5;10.20.24.114;;;;iponly;;0;;;;;
a203;a203lt07wlan;e595;b0:68:e6:4d:38:91;10.20.24.115;;;;iponly;;0;;;;;
a203;a203lt08wlan;e595;b0:68:e6:4d:32:a3;10.20.24.116;;;;iponly;;0;;;;;
a203;a203lt11wlan;e595;b0:68:e6:4d:3a:b5;10.20.24.117;;;;iponly;;0;;;;;
a203;a203lt17wlan;e595;c0:b5:d7:a2:76:77;10.20.24.118;;;;iponly;;0;;;;;
a203;a203lt19wlan;e595;b0:68:e6:4d:32:7f;10.20.24.119;;;;iponly;;0;;;;;
b019;b019lt18wlan;l15;d4:f3:2d:66:a7:24;10.20.24.120;;;;iponly;;0;;;;;
b019;b019lt19wlan;l15;d4:f3:2d:66:16:01;10.20.24.121;;;;iponly;;0;;;;;
b019;b019lt20wlan;l15;d4:f3:2d:64:bc:11;10.20.24.122;;;;iponly;;0;;;;;
d002;d002lt02wlan;e16;d0:39:57:99:c5:c9;10.20.24.123;;;;iponly;;0;;;;;
d002;d002lt12wlan;e16;d0:39:57:99:c5:cb;10.20.24.124;;;;iponly;;0;;;;;
d002;d002lt13wlan;e16;d0:39:57:99:cd:7f;10.20.24.125;;;;iponly;;0;;;;;
e212;e212nb30wlan;t590_gestalter;28:A4:4A:E2:90:a5;10.20.21.132;;;;iponly;;0;;;;;
e212;e212nb31wlan;t590_gestalter;28:A4:4A:E2:29:49;10.20.21.133;;;;iponly;;0;;;;;
e212;e212nb32wlan;t590_gestalter;28:A4:4A:E6:AA:0A;10.20.21.134;;;;iponly;;0;;;;;
a204;a204pr01;kyocera2040dn;00:17:C8:3B:0B:E0;10.20.68.98;;;;printer;;0;;;;;
a126;a126nb13wlan;e16;e4:60:17:48:a8:8c;10.20.23.219;;;;iponly;;0;;;;;
a126;a126nb13;e16;fc:5c:ee:00:1e:94;10.20.23.216;;;;classroom-studentcomputer;;1;;;;;

